first,birthday,gender,zip,ccnumber,email,yn,pick
Isaiah,5/3/1961,Male,66758,6255094339465165,ati@dacugohe.lt,Y,3
Kenneth,4/18/2001,Male,69290,6376772661547148,duveg@sur.li,Y,1
Franklin,9/9/1967,Female,56671,5018418179357184,ara@akape.us,Y,3
Bobby,12/23/1956,Male,04207,6373054519209327,ze@rujeste.ao,Y,3
Cornelia,11/22/1969,Female,67686,5407277977707753,kinilu@zichib.sa,Y,5
Eric,4/6/1979,Male,75821,4026431099425976,we@dom.gm,N,3
Mary,7/20/1960,Female,20600,5460098086572464,ka@mujen.gd,Y,4
Earl,2/2/1999,Male,35912,5473345058807229,ziskatu@wihlur.nu,N,1
Alma,2/20/1985,Male,31592,5018561826623217,guwzaag@futka.ae,Y,3
Bobby,4/16/2001,Female,13735,6011452333391552,rozfumhus@ho.pw,N,4
Katie,1/19/1978,Female,68604,6279292511619854,dom@edu.im,Y,5
Mason,10/28/1963,Male,08864,30016010091163,nehnigok@mi.ge,Y,3
Marvin,3/25/1972,Female,20635,5180663254197979,ripow@difhor.va,N,3
Essie,5/21/1963,Male,22591,201460634241213,ro@kujso.bw,N,5
Lydia,1/18/1959,Male,49425,30044818199814,futzef@luim.eg,N,2
Ruby,1/11/1994,Female,40623,36378933313528,ulukef@ba.sn,N,1
Olive,7/29/1957,Male,35395,5610038011648806,zucsakoj@ralol.nr,N,2
Gavin,1/19/1987,Female,68568,4706575593456577,gohcegvoh@fuz.ax,N,5
Jeremiah,1/15/1975,Male,77777,5610956450020080,puhizor@kanape.gq,N,3
Catherine,9/24/1987,Female,47566,6379482881033302,ja@ti.sb,N,5
Roger,5/4/1981,Female,39502,5182312921147326,puokkos@fecik.ws,N,5
Emma,8/29/1991,Male,30276,6231134442998444,pawsu@vog.gg,Y,1
Celia,2/16/1988,Female,70792,4903350091585819,ji@daknalep.my,Y,4
Jacob,2/10/1982,Female,07001,201410978909123,waj@boc.pm,Y,1
Lenora,8/25/1961,Male,14732,3528922571462532,dedilo@tijkad.ps,Y,2
Josephine,4/21/1980,Male,91610,4622399057814150,wasmoze@kiki.com,N,3
Marian,3/9/1974,Female,36363,5018872919704594,wiin@jodiadu.mv,N,5
Effie,1/16/1968,Female,10385,5018088189441086,dof@ifuzakeci.nr,Y,4
Ian,5/4/1991,Male,60370,6334754943883591,nutru@lebagas.al,Y,4
Francis,9/9/1997,Male,73117,6304003222416111,ginmozji@mehownik.ht,Y,2
Stella,5/24/1955,Male,41864,6374862267535787,kab@irna.tc,Y,5
Essie,1/17/1975,Female,74552,6011479079967584,ofcif@eg.gq,N,5
Rodney,5/14/1977,Male,64749,3528848673236807,wacdebor@toh.bb,N,1
Emilie,7/12/1983,Female,32473,4791639297045973,fergufar@mukomig.iq,N,5
Marcus,2/24/1983,Male,25565,6372970245868394,bepat@fahihi.hm,N,1
Terry,4/17/1981,Male,77833,5139678934635695,buj@oc.il,Y,4
Alice,7/4/1999,Female,55474,6379648191798202,fopbo@ruwo.bb,Y,5
Teresa,11/11/1999,Female,54341,3528980969072164,zovpogo@nebvihkun.lr,N,2
Paul,11/28/1956,Male,78201,5498161223135581,ibu@zehwanab.pk,N,2
William,3/12/1979,Male,12898,6378944589561497,vikarze@zegopema.tp,Y,3
Laura,8/23/1973,Male,76463,6278812930363106,nofabe@azamuwjak.eg,Y,3
Miguel,1/11/1990,Female,64389,6370399866938090,erehop@we.ug,N,3
Landon,3/8/1967,Male,46323,201442397129611,odaepe@tiban.cm,N,2
Lura,10/14/1966,Female,36430,6334354702657516,ped@ajadozo.bb,Y,5
Jessie,8/21/1979,Male,72953,6304842491816547,imi@ec.cv,N,2
Michael,11/28/1960,Male,43884,4903792495398671,kohrow@ku.na,N,4
Ryan,11/18/1991,Male,63320,6334712875133617,uwaja@hijoli.is,N,2
Leo,5/5/2001,Male,07181,6376848314242558,bafru@nazgi.va,Y,4
Jayden,1/6/1965,Female,74705,6370405692600216,zu@cenpagro.vc,N,2
Maria,5/21/1989,Female,52669,4159247926430107,impuh@sehtophil.gy,N,4
Mittie,2/12/1992,Male,22315,4026278527135846,ovkev@vobiwaf.yt,Y,5
Estelle,11/15/1964,Male,26070,5610726676778013,kijag@famzani.pf,Y,3
Patrick,6/7/1983,Male,71718,6375343026506517,ebusemo@tiglirnih.su,N,4
Philip,5/12/1993,Male,05505,4903702945365725,vil@opigoge.co.uk,Y,3
Jonathan,2/28/1989,Male,31110,5402097875442005,wijivu@suhni.cx,N,5
Delia,3/10/1957,Male,66678,6304335496542143,omtohga@muwane.mo,N,4
Scott,12/2/1957,Male,12766,6376168885656759,rup@digdirraj.cf,N,5
Sara,6/13/1981,Female,86275,5118034366909585,busihi@nikkaltu.uz,N,2
Genevieve,12/29/1990,Female,23717,6373871554992073,vukduge@veze.ee,N,2
Augusta,2/16/1976,Male,35776,6304051589825820,le@we.mp,N,1
Sam,11/8/1975,Male,97557,6304037120466273,fi@woufmec.af,N,1
Loretta,9/13/1989,Female,20917,5107883842181042,se@lu.gh,N,1
Matilda,3/30/1989,Female,89940,6233807581492349,sagohca@jiw.lc,Y,1
Margaret,6/23/1991,Female,54025,5610691802870722,kehozse@vi.to,Y,5
Alma,11/27/1970,Female,12856,6373341945870479,ilzo@rirzuvroz.ge,Y,4
Elizabeth,1/23/1976,Male,52120,5018536789703750,tignok@tog.rw,Y,1
Brandon,5/11/1991,Female,11530,4026999975810826,kiptinuho@hi.mz,Y,1
Charlie,9/19/1996,Male,46619,6377325833696746,idu@di.kg,N,1
Ernest,12/22/1964,Male,88380,5188147727200778,fom@siguklo.bz,N,1
Alexander,8/23/1970,Male,02229,4968519163978746,gomjijo@kuwugleb.im,N,1
Russell,4/23/1962,Female,46572,6304222129805099,lo@moglijiz.sr,Y,5
Callie,3/5/1992,Female,02642,4026929071717328,gu@ridze.lu,Y,1
Chester,3/15/1986,Female,74174,5464068165122776,ci@weruw.td,Y,1
Brian,2/5/1970,Female,60531,6304300191618077,sim@cazeme.ke,Y,1
Lawrence,6/19/2000,Female,54828,201488196835296,si@oz.hn,N,3
Connor,6/22/1996,Female,40199,5407370903727480,ruj@ato.es,Y,5
Louis,9/27/1990,Male,17156,6011148662021378,pueka@afurofaw.my,Y,5
Nelle,12/5/2001,Female,54119,4231443998191832,mow@uche.re,Y,1
Adeline,5/11/1970,Male,57308,30051177461099,vajkapced@hiota.ax,N,1
Calvin,5/11/1993,Female,71324,4903842509554874,ju@mogewu.ie,N,5
Luis,3/6/1974,Female,47175,344484388916141,hiwhera@cidwuzhuz.sk,N,5
Curtis,5/5/1979,Female,61137,4621034502172547,fohegoh@avezuluho.kh,N,1
Alvin,10/20/1974,Male,47977,4416839248258213,raeh@ca.ac,Y,4
Rosie,1/26/1969,Male,69963,201441319722990,zagtibuw@vowpefpu.lk,Y,5
Bertie,6/24/1955,Female,39628,5610293003645282,pogopuk@hehuh.sz,Y,3
Carlos,8/9/1967,Male,57352,4903772598383226,ofu@apoura.uy,Y,2
Ida,2/15/1984,Female,40995,5018787948517892,vojoene@uzi.pf,Y,2
Keith,12/8/1972,Female,72876,6292337524889367,fi@sez.ac,N,2
Bradley,2/5/1993,Male,32805,5018811708556237,use@de.be,Y,1
Charlotte,11/13/1996,Female,80388,30087207118226,ancehma@jo.gm,Y,4
Virgie,12/29/1977,Female,13628,4026668540097728,cic@gilkowof.zw,N,3
Frederick,10/16/1992,Male,41390,6304637848582119,mocvu@ovotca.im,N,5
Brett,1/20/1981,Male,43463,6274442033985508,osejoid@kik.az,N,4
Mae,9/14/1991,Female,88577,36263681684462,mag@dim.be,Y,2
Cory,10/13/2000,Female,75401,4903601649480246,zerdidzi@lebjiv.cu,N,2
Justin,4/16/1974,Male,54116,5018979146895234,tus@fanloma.dz,Y,3
Allen,12/13/1963,Male,41532,342314830099273,ope@uwuel.net,Y,3
Leo,8/12/1963,Female,02628,5135305312656374,dedinat@jatzevpek.hn,N,4
Anthony,4/8/1962,Female,07080,345704276627586,bugvuuk@tunfun.cw,Y,2
Bradley,5/19/1995,Male,63765,6204592434564768,la@ejtecsar.de,N,2
Adelaide,12/7/1978,Male,17151,6334086628328711,turisje@jic.al,N,2
Dennis,7/28/1987,Male,30031,4026090684310611,tutise@emwimik.cn,N,4
Max,10/3/2001,Male,83172,5183304720127079,ce@muv.do,N,2
Elnora,4/4/1998,Female,79186,4026344317139057,haofa@sosjarik.tw,Y,3
Manuel,10/8/1999,Female,38248,3528597238299657,rafeozo@garpob.pl,N,3
Josephine,1/19/1976,Female,09798,5188631962284068,ulovice@relikvim.by,Y,4
Herman,1/28/1961,Male,89227,201495942610139,ukamuace@coplotsut.io,Y,4
Elnora,7/19/1955,Male,91028,344197685701616,foud@wavodi.so,N,4
Mildred,10/19/1966,Male,25211,5128252280041701,fop@wedfisuto.tw,N,3
Linnie,10/10/1994,Female,48250,6274920053816885,saklur@runope.tj,N,3
Celia,4/1/1998,Female,71675,5453581980188403,ovekuj@onso.tc,Y,5
Rebecca,11/18/1980,Male,68972,6304221754633404,lebehjen@ogoju.kr,N,5
Miguel,12/12/1994,Male,44467,201443983582312,hepat@jaudoone.tl,Y,2
Ian,6/25/1968,Male,66984,6304545577999166,ofvobci@jeweb.vn,N,5
Etta,3/18/1989,Male,64987,4026732964052807,ac@enedipcup.ni,Y,3
Leah,12/10/1964,Female,14487,6011633825453725,ma@kaemotig.cf,Y,4
Wayne,7/15/1996,Male,24079,349236927669408,vav@zimo.ms,Y,4
Mayme,7/5/1990,Female,85614,36753377829967,buopewur@wahlotvaf.au,Y,1
Kyle,8/21/1977,Male,46283,6304994589620073,kejrih@be.ba,Y,4
Alejandro,9/29/1961,Male,59427,347140909386878,red@fa.va,N,4
Bradley,9/23/1967,Male,29424,36717754391644,wulvo@buvosuv.tm,Y,4
Sophie,4/26/1977,Female,96521,30013668612911,vijilit@er.bo,Y,5
Shane,4/14/1960,Female,89735,5475128251354936,ziswefzur@ar.vu,Y,5
Julian,6/10/1981,Female,03212,201466223020066,ho@po.by,Y,4
Sylvia,1/31/1991,Male,10749,4026843012122896,cinbovpu@ja.aq,N,2
Eddie,2/22/2001,Male,71740,6370730229161303,hivhus@fun.aw,N,1
John,12/21/1974,Male,78475,4903352678595690,jeduvkeb@dewmakof.co,Y,3
Ralph,2/28/1973,Male,42618,201462784492349,ameka@saftov.hu,Y,1
Lelia,7/12/1990,Female,37226,6304886690184124,voras@karavek.aw,Y,4
David,12/3/1998,Female,53737,5610494679528527,calguhca@dan.su,N,4
Fanny,9/11/1960,Female,91121,5400604292153743,mimsotit@ge.nc,Y,5
Georgia,6/13/1986,Female,00517,346827932173304,moha@huife.tl,Y,5
Arthur,8/11/1990,Male,04427,30024000607337,hutug@bomfuj.bf,N,3
Frederick,12/20/2001,Female,06259,6297448492253018,wuno@gikvupe.ms,Y,1
Jane,4/19/1992,Female,72637,3528860666920271,lirhuz@cu.bn,N,2
Dustin,7/19/1997,Female,01743,4398982237256558,nov@migo.ru,Y,2
Louise,2/4/1959,Male,59798,4145571045586193,tisucdek@fahob.cf,Y,2
Janie,3/23/1985,Male,29247,6011079299539732,ekwicez@biin.mw,Y,5
Ricky,9/17/1987,Female,19268,6236092380764472,verikeg@ozusufob.ae,N,5
Todd,2/16/1989,Male,01944,6290817285680834,aba@roguze.de,Y,1
Sue,11/13/1992,Male,44258,6334200728022948,hap@ba.mz,N,3
Gerald,5/21/1974,Female,01743,5193077005598770,no@hefawar.ps,Y,4
Victoria,2/28/1959,Female,80624,6011697817388025,ul@ogahipu.ky,Y,4
Jorge,9/1/1972,Female,14850,348716887996827,mucamfid@rawkarad.hu,N,4
Brandon,7/4/1967,Male,20637,6372445008894846,nenom@ja.ro,N,5
Estella,2/8/1975,Male,85976,346714808547201,pi@wenu.ro,N,4
Mittie,9/1/1955,Male,07717,5610664487010674,lih@ehazatle.sk,N,3
Lura,6/19/1990,Male,68759,345209881967534,tojuliuv@pidahej.ai,N,2
Claudia,9/20/1961,Female,00351,5440630611456873,osfuze@lic.km,Y,5
Willie,7/4/1971,Male,68965,6334891000883930,sagow@wecaf.er,Y,5
Isaac,8/23/1975,Male,39684,6304030640241896,capu@agofodjuj.cw,N,4
Jerry,10/6/1998,Female,96205,4903208628043910,japal@puz.mv,N,5
Ada,1/31/1960,Female,75614,5018084987935312,erohomta@bozir.gy,N,2
Hulda,11/7/1996,Female,01133,5610103012534734,veiwapa@ajodi.pg,Y,3
Isaiah,3/11/1966,Female,19079,4532118795177012,avijeccuf@ca.al,N,5
Mildred,7/18/1991,Male,51961,6334448180957644,mimfufe@urarvu.lv,N,5
Nellie,1/4/1982,Male,79607,6334348362347921,jolid@hak.mu,N,1
Albert,8/3/2002,Female,06642,36222407962677,amdo@lugecguz.uy,Y,3
Susan,12/15/1976,Female,58423,201441287503893,fi@ke.bt,N,1
Sylvia,6/26/1990,Male,75334,6334441691671499,wujsusma@vutoku.bd,N,1
Elmer,9/3/1991,Male,95304,4164110908207054,cozomju@enhe.cf,N,4
Violet,8/14/1970,Female,76313,3528526868759466,ejinif@ca.ne,N,3
Bertha,7/27/1955,Female,54430,3528343307957291,widtomas@tumitap.gq,Y,3
Sarah,7/21/1965,Female,69116,5106526127057673,zi@dugpe.nf,Y,1
Hattie,2/11/1989,Female,36839,340689947404462,pijazwe@gegga.vi,Y,3
Eula,7/22/1958,Female,98249,3528571739636808,ola@huomo.fi,Y,3
Robert,5/8/1966,Male,94786,6377252615788089,itca@jib.es,Y,1
Gerald,12/9/1997,Male,57270,4903177986735781,ebritot@wikgu.br,Y,2
Michael,11/29/2000,Male,64834,4114540993251859,teota@siuldec.tg,Y,5
Hattie,8/31/1983,Female,76981,4903896662889196,nanlemli@haala.dj,N,2
Dennis,5/11/1986,Female,11839,201424676365058,it@vijcoher.aq,Y,4
Melvin,12/2/1961,Female,80901,6259476521601218,wasji@nofaut.mk,N,4
Rodney,9/29/1983,Female,94292,6379020286186240,ligro@nufavmu.jo,Y,1
Lulu,2/5/1981,Female,43620,4224270509228244,kij@ac.ax,Y,4
Sallie,12/25/1980,Female,43686,5112410768034774,ohi@na.nu,N,1
Jim,10/10/1969,Female,35682,6377378201130780,vudu@tolsashu.sr,Y,3
Eula,7/7/1968,Male,66131,3528889512986152,jom@akaridawi.in,N,5
Eric,5/12/1958,Female,53550,5018767545329859,familut@dadrot.tj,Y,1
Laura,8/11/1976,Male,05528,6372422834032271,gi@kodboje.mr,N,1
Minerva,7/12/1980,Male,49865,6304982359484150,tubfef@cuf.au,Y,5
Ethel,10/12/1984,Female,92708,4026006723572763,ij@venwac.dz,Y,2
Jack,6/13/1997,Female,27918,6377708968844068,tejjejad@da.cy,Y,2
Hattie,5/27/1956,Male,26655,6304439345791693,vac@puhekogi.ne,N,2
Catherine,10/6/1957,Male,41185,5175050958543780,mid@duzef.ru,N,3
Sarah,9/6/1975,Female,65362,30051644693811,lefmomjoj@itetuum.ir,Y,1
Randall,3/23/1974,Male,23767,6334262931290431,sunu@cuticami.ck,N,2
Ida,8/19/1983,Female,78784,36758160006715,uzju@bowof.tr,N,1
Ethel,7/5/1957,Male,15768,4026126997575415,jube@jomi.ly,Y,1
Lenora,8/17/1958,Male,63943,5175990731227328,fu@wo.tw,N,2
Tony,1/22/1976,Female,00141,4026766621035938,ofetu@hag.ck,Y,1
Sophia,9/15/1966,Female,91795,4903601444958396,irwuiba@dueka.sb,N,3
Susie,1/6/1998,Female,90925,4903063843387901,lef@ug.ug,N,1
Alfred,7/11/1956,Male,79469,3528937899180210,sibgutim@rov.sj,Y,2
Grace,8/12/1960,Male,85749,6372362830855038,umrana@soz.au,Y,5
Francisco,10/15/2002,Female,01336,6334556539362447,tul@fajsag.ru,Y,2
Allie,7/9/1982,Female,51947,5427793158381081,ug@noz.zm,N,4
John,4/13/1964,Male,53825,4026635626509504,rig@vel.qa,N,5
Hester,8/2/2002,Male,87265,201451479085575,delucog@be.im,N,1
Jennie,4/4/1997,Male,45666,4026370276971594,fiwoz@zefzeb.bf,Y,1
Owen,4/29/1975,Female,46167,5198065927690697,onfug@umweecu.io,N,4
Sylvia,7/28/1967,Female,89557,6375358035689906,nem@dedlid.es,N,1
Mina,1/19/1974,Male,49445,3528819125842864,gin@get.ee,Y,5
Francisco,2/25/1977,Male,15877,6304408524584484,wozolu@diviwta.pf,N,2
Blake,8/12/1980,Male,24187,5610126546788823,zuh@huj.by,N,4
Harold,12/30/1983,Male,73193,3528855209448129,nop@emur.th,N,4
Travis,11/24/1962,Male,79606,5435290416878545,ij@togjaki.sk,Y,1
Dora,4/22/2000,Male,64191,201449827823242,lour@kaki.sk,N,4
Bradley,7/20/1985,Female,83823,346957785643713,mi@ebaha.gs,Y,5
Curtis,1/24/1997,Male,66830,6242880448978114,ti@dotuje.id,Y,4
Randy,9/6/1955,Male,07180,6011734897951958,mohri@opotid.mp,N,2
Estella,3/27/1961,Male,22198,201474845031057,otozu@asepas.nc,N,2
Elmer,2/24/1968,Male,94147,5018054444547521,wocejohav@tug.ps,Y,4
Stephen,4/5/1958,Female,12523,201412830761130,ezubejo@ze.se,N,3
Jay,12/23/1987,Female,40859,30045586290198,be@wi.nc,N,1
Cole,7/28/1982,Female,45420,5018902980259804,cibcoc@wa.km,N,2
Cecelia,9/16/1982,Female,47256,5415979430579238,nubisrez@wuw.ni,Y,4
Trevor,7/23/1985,Female,34091,6011854050718331,ta@kozosmuc.ws,N,2
Caroline,6/6/1958,Male,43425,6379182324027172,rumi@nubifjik.gp,Y,1
Ricardo,5/21/1963,Female,06101,6334929139292720,ulivuz@co.sy,N,3
Winifred,12/27/1969,Male,97263,6304386560102918,puzjag@vetin.hm,N,3
Manuel,10/21/1955,Female,91335,6334940616304599,li@vuasogeh.cl,N,2
Belle,11/12/2001,Male,07204,4026067212318704,andizu@tenubfa.ee,N,2
Lucas,6/30/1985,Male,86771,36441422260442,dipcef@zopag.hk,Y,3
Maud,2/1/1988,Male,44168,4517630007212592,civjaki@teamical.ad,N,3
Charlotte,3/15/1990,Male,28847,4026522521552948,ef@uraji.edu,N,1
Joe,4/29/1978,Male,40771,5610119292291449,tawod@vomud.edu,N,5
Katharine,4/24/1984,Male,63745,3528448011603220,ig@jam.tv,N,5
Jimmy,10/2/1956,Female,71851,6375626231542636,utajfa@hosvut.sh,N,5
Bobby,3/13/1987,Female,71697,346417131300013,pogo@wucan.gr,N,1
Luke,4/29/1973,Female,93108,6334082208736654,vurze@mapdus.gh,Y,1
Christian,10/15/1999,Male,89026,4026001828949982,cin@zoecro.gy,N,4
Hester,7/15/1981,Male,36857,6272100186672651,kib@fupot.ad,N,2
Luella,7/19/1983,Male,18507,3528158392780931,mofug@ke.jp,N,2
Brent,9/24/1961,Female,88088,4585294958486056,nag@izresluh.om,N,5
Chester,9/9/1960,Female,79186,4026850873940522,lufeen@cuj.be,N,3
Pauline,9/4/1962,Female,53689,3528406605442710,hegga@ha.cr,N,2
Charlotte,5/29/1990,Male,92631,6011167706857811,nu@aw.ua,Y,1
Roxie,7/21/1990,Female,01466,6334139881398309,juljo@ev.gh,N,1
Mark,11/28/1959,Female,84271,6377059389670389,kurruglih@cu.mn,N,4
Lola,9/15/1956,Male,71809,5018046459272227,owubivo@loc.uz,Y,1
Frances,2/10/1982,Male,91174,5018015409449722,suv@ucu.ie,Y,5
Sally,9/27/1998,Female,97393,5018250976316679,ahho@tehbafal.bf,Y,5
Bill,4/29/1976,Male,50868,36392393116891,abijos@colekpug.fk,Y,2
Christina,10/7/1963,Male,82544,6334752161307491,wodwi@kuv.tf,N,3
Jerry,4/8/1962,Female,96010,3528589968406073,tomel@su.je,N,4
Howard,1/15/1975,Female,38422,349323651525160,lidnu@fid.ie,Y,5
Ethel,6/21/1968,Female,26559,201423725024856,pioci@pi.sv,Y,1
Bryan,3/28/1957,Male,20070,4026764414107022,hifowu@pu.cx,N,4
Katharine,2/27/1988,Female,88296,5167659870249324,hoffehu@obsa.bt,Y,3
Mario,1/31/1996,Female,00520,36573444483451,wuridzuv@cir.cd,N,4
Shane,4/10/1959,Female,14222,5135566691612243,rofavmes@cat.es,Y,3
Calvin,11/5/1985,Female,50255,3528484868438634,hiwibi@gap.vn,Y,3
Timothy,1/9/1974,Female,93456,4903696963686063,gujpu@je.mm,Y,3
Sally,3/27/1994,Male,98592,36148540860082,suw@etifagip.bq,Y,2
Georgie,8/24/1991,Male,42830,5018789045374680,umtuc@miz.tj,N,5
Clyde,4/6/1982,Female,88883,5123709309968805,hilkonom@zivig.tj,Y,5
Pearl,9/10/1996,Female,87340,4903767373646722,ag@civve.io,Y,4
Harvey,3/7/1993,Female,39554,3528807566331380,wa@daduk.sb,Y,1
Cora,12/15/1966,Female,60562,6334277066959410,kauri@ivawico.ru,N,3
Alberta,6/15/1970,Male,93551,36657769196481,zepduzta@nu.md,N,4
Fannie,12/12/1982,Male,09552,5018384437381533,omso@rem.sv,N,5
Travis,5/26/1956,Male,35601,4903954482302872,bol@ke.tw,Y,2
Emma,2/11/1988,Male,88202,346965244790694,epi@kep.hr,N,1
Shane,6/25/2000,Male,02963,4016912955598222,dotpad@ra.ax,Y,3
Rosie,5/5/1966,Male,24535,6011108643942811,bohjoh@nihse.ru,Y,1
Myrtie,2/12/2002,Male,10836,6304119583428931,iwzuf@ileaj.wf,N,4
Sallie,10/4/1985,Female,86851,6011228608857000,ucehaj@wuoce.sc,N,5
Lenora,7/22/1959,Female,79007,4157675982122154,beob@inoccuz.cz,Y,3
Jonathan,12/4/1973,Male,18245,3528000280941441,ko@la.kn,Y,5
Jennie,1/9/1969,Female,45401,30009861246937,urrazre@bodocu.mw,N,3
Hattie,10/25/2000,Male,28421,6334034808965795,pa@sufac.edu,Y,4
Sophia,8/27/1970,Female,08542,6334811431314925,sib@ji.ee,Y,4
Gary,6/17/1955,Female,98758,30067730536847,das@rioru.dj,N,2
Lora,3/19/1995,Male,12500,344610287205158,cu@nifo.mh,N,3
Grace,11/13/1985,Male,65084,201476992819143,ro@zucarli.gt,N,2
Leila,6/18/1986,Female,31992,6254952522653213,hen@tok.ck,Y,4
Devin,1/7/1973,Female,81069,30067647924615,kovuja@dip.gm,N,1
Clarence,12/4/1991,Male,84659,5495051025464078,hasogop@hihud.ss,Y,4
Daniel,9/13/1994,Female,19851,5151221053792816,majogoh@paz.pg,Y,1
Todd,8/17/1987,Male,04187,6304300461162491,du@pavok.mg,N,3
William,6/2/1991,Male,03278,4903952461045793,elavidaz@pewapiz.cz,N,4
Hilda,7/16/1991,Male,31711,4026826819450651,wogade@popmulfu.lr,Y,1
May,11/7/1972,Female,06898,6011504896910556,anude@ka.rs,N,3
Grace,1/31/1983,Male,13510,343854780851511,tepeha@ugo.to,Y,4
Lois,5/13/1981,Male,27281,5489499591607141,abokam@va.ua,Y,2
Lydia,9/15/1958,Female,37513,6011296485042194,zojujin@vofes.tk,Y,3
Gerald,8/29/1996,Male,49864,4903050794595418,doltut@gej.is,N,3
Ethan,12/5/1985,Female,93591,5018454021656150,na@pal.vi,N,4
Georgie,6/16/1982,Female,16611,345461649030150,wa@mikak.bh,N,2
Travis,6/20/1958,Female,49819,4903199079300125,be@wivaplis.fi,Y,2
Gilbert,7/25/1982,Male,18758,5018663426978049,fodowsav@befaziwe.kp,Y,2
Devin,2/15/1967,Female,95401,4026106084681854,livrezuz@sud.lb,N,3
Cecilia,10/26/1955,Male,11287,6304261451361057,rusiruruk@kega.km,Y,4
George,1/5/1975,Male,89682,3528887363649531,uva@go.uk,N,1
Lela,12/7/1990,Female,66406,6304915879424157,kismatut@jiw.gl,Y,3
Josephine,10/2/1977,Male,34440,5191902599555757,jafejto@doude.fk,Y,3
Nathan,12/2/1959,Male,61528,201484782570504,to@ha.kr,N,4
Annie,7/24/1990,Male,60155,4777278131114428,appuf@galsaoga.na,Y,3
Eugenia,7/10/1986,Female,86798,3528057005746422,zigopdo@kuvpib.cg,Y,5
Alfred,9/1/1970,Male,00314,5465694222468701,vuf@nekekad.rs,Y,2
Theodore,6/2/1998,Female,90532,5018083098788214,hit@fuiceuc.sl,Y,2
Katherine,11/28/1989,Female,36040,6304433731218338,hukuwdud@zurvehva.ga,Y,4
Herman,11/28/2002,Male,58142,5610624570116077,mukewji@faanpo.mv,N,5
Amelia,4/3/1960,Female,27223,5610613809371454,lu@giricaj.pt,Y,1
Annie,12/25/1955,Male,85873,201432377815792,ce@micevvew.pf,Y,4
Danny,3/23/1997,Female,19230,6011474413612269,miboma@wem.mg,N,3
Bruce,11/18/1998,Female,48997,6370265199628130,zepgabji@ihrup.lv,Y,2
Dollie,10/12/1998,Female,83885,36536535885843,wobfacduw@esasaje.tc,N,2
Theodore,10/26/1957,Male,67510,6304654232598320,dij@wul.kp,Y,2
Brett,1/13/1992,Female,40996,36701314926396,eje@buvpuwwid.ne,N,4
Jerry,5/19/1984,Female,98721,5164196101212733,dobfaz@vunral.an,Y,3
Randy,3/25/1964,Female,03560,6222871326045666,oji@mugdelef.cz,Y,1
Hunter,3/20/1971,Male,59053,4026271708578660,rolbiv@fo.tg,N,3
Anthony,9/29/1992,Male,71762,30096304271192,ucbefu@wu.lk,Y,4
Lula,7/8/1974,Male,09204,6334003724937618,go@zacnodud.ke,Y,5
Wesley,7/26/1968,Male,80388,30065743732684,lozaf@ijga.va,N,5
Lilly,11/14/1961,Male,93935,4903980822268077,hevi@cavekfu.es,N,4
Adele,7/12/1999,Male,39816,30057288652153,mi@mo.gov,Y,5
Emilie,1/24/2000,Male,74039,36090095995998,jih@apoju.hm,N,2
Evelyn,12/23/1993,Female,93857,30087170691779,bahanuses@je.pn,N,4
Verna,12/14/1978,Male,14484,4986671677341479,pu@fojsu.sa,Y,3
Luke,1/6/2000,Female,14055,3528380007804746,goke@wifco.es,Y,1
Viola,10/10/1977,Female,15097,30084954590590,dob@ow.bw,N,3
Bruce,3/1/2001,Male,29595,5018013524911395,guzi@dobgisi.sj,N,3
Dustin,1/2/1975,Female,76421,5175978097766781,hoknucdoj@kizohoruh.gf,Y,1
Bill,1/9/1983,Female,64240,3528700862165489,kusfikvij@pohiv.tm,N,2
Micheal,12/25/1978,Male,60372,6011513688076039,dol@pifjabif.mx,Y,1
Catherine,4/13/1993,Female,18466,4903593374623530,zuvo@mopevas.cc,N,3
Wesley,8/5/2000,Male,64499,5426342209546523,muddig@zowakfol.gy,Y,3
Fred,9/22/1989,Male,84603,36481408134310,peh@ba.sm,Y,3
Edward,2/14/1994,Male,75671,6334132483009564,ha@pegwag.bv,N,4
Sophia,1/25/1966,Female,54013,5148527162310696,ko@ulpil.gy,N,5
Dennis,2/1/1985,Male,28206,4903511990309250,ti@talapima.sn,N,5
Susie,5/18/1978,Male,19369,5193856191772764,imaroir@zazarave.mq,Y,4
Lucile,2/20/1976,Female,76554,6377003869323572,vu@ru.kr,Y,1
Albert,9/22/1984,Female,38741,36439080549353,vivoti@wewe.eu,N,5
Bess,2/23/1980,Female,23682,6374506348965014,tuw@pueba.tz,Y,1
Nora,8/30/1967,Female,39475,3528467067245579,gewhi@zonaba.mu,Y,4
Elva,8/29/1961,Female,94409,6268447199783926,ca@aw.mt,Y,2
Esther,10/8/1956,Female,61288,3528679235955489,ewpo@rojug.lt,N,4
Adeline,8/13/1973,Male,05688,30046166762457,cak@nur.re,Y,3
Marguerite,2/15/1989,Female,96272,6374718820927046,japitog@ajli.bi,Y,1
Kyle,8/10/1973,Male,21699,4603530272430819,gos@eguci.fr,N,4
Sylvia,9/27/2001,Female,33593,5610206122040961,uguwi@gew.bh,Y,1
Madge,5/8/1984,Female,06416,6334920057513726,fufbo@uzfa.in,N,5
Estelle,9/24/1999,Male,41392,344500967222302,okurad@wow.ki,N,3
Frederick,2/4/1966,Female,50523,6374691002260579,kivil@ref.ky,N,3
Gussie,6/21/1975,Female,90924,4789523825382286,cukrepeg@zuhfavmew.re,Y,2
Marguerite,9/13/1992,Female,71488,201420978015789,reprepu@recku.lc,Y,5
Ernest,1/18/1992,Female,83974,5018006972631929,dij@vuima.ng,Y,4
Gene,2/27/1987,Female,53465,3528845761765804,lennesmi@nuveleal.ag,Y,1
Iva,9/1/1988,Female,69111,6011334752309655,fosrono@ri.rw,Y,5
Kathryn,9/21/1976,Female,27009,5018664861665026,te@nec.be,Y,1
Walter,12/21/1971,Female,07805,4903245749706546,paripwa@lel.by,N,2
Dorothy,1/2/1959,Male,51649,6377937041822060,lojikda@hufisuwam.im,N,5
Dennis,2/2/1974,Male,55737,6374460463515404,efko@piv.mu,N,5
Bruce,7/2/1956,Female,67924,5610708990288820,wom@nave.je,N,2
Mollie,6/26/1978,Male,64571,4903970293676064,urhud@ine.af,N,3
Blanche,9/4/1966,Male,88775,5018232450253222,gos@zobsukdi.ss,N,4
Ophelia,9/22/1986,Female,08427,6282357670105642,kal@ena.gr,N,3
Hunter,2/12/1994,Female,94976,4604001054619861,etodod@roh.ml,Y,2
Melvin,8/24/1955,Female,91811,5610751227762860,pawovan@tuwios.re,N,4
Eliza,10/6/1958,Male,88625,6304213504199976,saj@alopep.hn,Y,2
Anthony,9/7/1959,Female,46010,201445093220543,saw@jihdujo.vn,N,3
Hester,6/26/1982,Female,32135,6371077510432129,veri@lib.mc,N,3
Donald,10/13/1987,Male,81668,4026561254232559,gef@pu.la,Y,1
Carrie,7/1/1974,Female,78984,5610661725536080,ore@puje.gf,Y,2
Loretta,7/28/1957,Male,98958,30061765160615,henel@ta.gq,Y,4
Edith,7/10/1971,Female,34197,6272605194298455,es@puibe.vu,Y,5
Lucas,11/5/1962,Male,05113,6011067722826974,muzu@jen.bo,N,4
Allen,6/13/1962,Female,40129,4026344962171728,ufoterfo@peefafez.ch,Y,5
Rosie,4/24/1977,Male,09464,6011788776869624,fevsu@lopdonfa.it,Y,2
Eugenia,1/9/1998,Female,56344,6304135548174014,ce@voeteogi.tw,N,1
Cameron,6/19/2000,Female,85725,346865707825146,opkouk@jiwpu.ua,Y,1
Francis,8/19/1992,Male,74476,201402587075792,vavafuwag@zuv.pw,N,5
Elizabeth,12/23/1956,Female,63600,4903369980109929,bev@len.fj,N,2
Hettie,3/26/1987,Male,82825,6334062106349263,hifaz@copiput.ni,N,2
Lucinda,4/1/1995,Male,50366,5140071313607849,ose@wofos.mw,Y,3
Craig,5/12/1967,Female,57889,201400969737971,cipiz@nifiod.org,N,3
Dominic,10/6/1973,Male,40263,201480202565843,lod@rov.hu,Y,4
Edgar,12/26/1975,Male,35326,6304242918479864,vi@sasudul.ie,Y,5
Dorothy,1/20/1957,Female,92398,340891937068477,upe@et.ga,Y,4
Marie,3/3/1998,Female,96803,5164773948545762,lutwoce@ugoeb.io,N,1
Marvin,1/1/1989,Female,98931,30016350742268,pokanoc@gedmajav.bn,Y,3
Phoebe,8/12/1987,Male,57646,6011062501152288,ba@dod.si,N,3
Rose,8/17/1998,Male,38852,36213405768364,po@jowah.gm,Y,4
Gavin,2/23/1986,Female,61537,342627059860111,desgeot@gerwekeli.gi,Y,1
Howard,9/5/1965,Female,32626,30085281862131,ada@poumutok.na,Y,1
Agnes,5/3/1988,Female,24758,4026046199179735,ujhuz@wub.io,Y,4
Chester,3/29/2002,Female,03361,4723525269504415,nirzekoka@pocifi.ci,N,3
Susan,1/15/1977,Male,45505,342822252840784,emrop@fe.ng,N,4
Gene,5/21/1974,Male,70907,201488063143873,kos@hon.us,N,2
Birdie,3/1/1962,Male,77376,5018576986071122,bodka@vo.kh,Y,1
Jason,9/16/1995,Male,08658,6372940680858028,suv@op.au,Y,4
Bernice,3/13/1957,Female,10664,6248543776612051,peco@movela.mo,N,3
Nora,6/1/1976,Male,10061,5610580389636798,ruip@ga.mu,N,5
Adelaide,11/18/1986,Female,05060,5018755877576031,losfa@co.fk,Y,4
Eula,1/3/1996,Male,07172,347268275506744,tanuf@pidkogvoz.su,Y,1
Georgia,2/15/1994,Male,07554,4237930864336057,pifup@etzan.is,N,3
Kate,9/12/1985,Female,90777,4026325357899809,rice@ugom.sv,N,5
Leila,4/8/1977,Female,72190,4903151346057681,efa@giavca.jm,N,5
Jeremy,1/4/1987,Male,36816,4903314234583149,ojtedesa@azsobsu.mc,Y,1
Pauline,4/9/1958,Female,91657,5402305375542541,po@ku.vu,Y,4
Todd,6/5/1973,Female,49999,6334688294436171,bebsig@menga.pa,Y,3
Leona,2/4/1983,Male,56110,5610799465822565,api@lav.bd,Y,2
Lida,5/23/1963,Male,38361,4660415923033289,hevticwec@nimfu.ci,Y,3
Mayme,6/23/1986,Female,54161,5140560383722413,fuzolto@duk.bn,Y,2
Henrietta,11/10/1977,Male,73886,201482931597923,demab@vajno.tz,Y,2
Julia,6/7/1991,Male,67078,5018300991535330,wisugig@natav.az,N,1
Callie,2/26/1955,Male,61410,5610057177050870,jigli@ce.is,Y,5
Brett,4/5/1964,Male,10784,6304668639526627,jabuhzo@ba.md,N,3
Linnie,2/1/1986,Female,30170,6373623607999146,jij@rekoszas.jo,N,2
Tillie,9/14/1976,Female,69233,6214972663354446,cajjuj@fuhigcoh.mn,N,4
Katherine,10/26/1999,Female,39757,5018150297589782,kehlutew@kekseime.eg,N,2
Jared,7/9/1988,Female,38849,3528633344890848,vidicma@puli.mp,N,4
Elizabeth,3/22/1986,Female,46833,4026300337268847,anuji@ki.nl,Y,3
Josephine,1/5/1978,Female,15913,3528235080426660,loc@finmo.az,Y,4
Leo,4/22/2002,Female,39353,6334469315403791,li@hiz.gp,N,1
Amelia,9/19/1980,Female,20663,345913403401381,rimzil@odepet.ar,N,3
Mathilda,8/27/1982,Male,74860,201427254422373,ijbuc@pe.bn,N,2
Oscar,7/3/1965,Female,67651,36604958806082,bewak@tahumte.mw,Y,1
Marguerite,3/5/1973,Male,82476,6299365461088472,bopo@jadjuvas.cw,Y,4
Earl,2/14/1962,Male,69970,6287720782006534,tuv@asied.co.uk,N,2
Landon,6/29/1974,Male,50828,4394105567868537,wozguli@ika.bh,N,3
Craig,9/17/1980,Male,04687,4903714858756287,ejolori@okzis.tn,Y,2
Harriet,3/20/1980,Male,63479,4026753692545037,motohacu@bilacci.cc,Y,3
Erik,3/30/1987,Male,04248,36959961689531,hihi@nacnuzuv.cy,Y,4
Inez,6/27/2000,Female,10616,343207424102538,merapeg@wahe.dz,N,5
Teresa,6/8/1961,Male,99294,30055611734011,zigec@keposo.cx,N,2
Clyde,4/1/1966,Female,05606,6334934368907089,bam@podehos.za,N,2
Ray,2/24/1995,Male,56702,4026525237606650,zu@suh.ng,Y,4
Eva,12/31/1969,Male,26493,6236725967794087,efva@tahuf.kn,Y,2
Edith,6/26/1996,Male,33605,4026445441226593,momik@jabcug.lu,Y,4
Dominic,12/29/1993,Male,56645,3528796573515277,jeweif@gez.ga,Y,4
Ethan,2/23/1989,Male,78655,4903527213822895,wihagemo@cideru.bn,N,2
Antonio,11/23/1986,Female,80185,6304313129696545,obamfad@bazamu.vi,Y,4
Thomas,8/15/1961,Female,63495,5018577841143825,sejcatgac@me.pn,Y,1
Travis,10/1/1969,Female,74656,5192542753003068,apu@li.pa,N,1
Justin,1/19/1991,Female,98542,3528300206486947,goefumag@wibtuta.co,Y,3
Chris,6/1/1962,Female,20201,4026818759506535,mo@ban.gd,N,2
Andre,8/28/1998,Female,98110,5494274377234300,hoehekas@monkup.kz,N,5
Nettie,9/8/1994,Female,04268,201406511178796,caffo@he.ms,N,3
Lucinda,10/23/1974,Male,90773,5160081162388438,rol@vigistes.re,N,3
Sally,11/25/1973,Male,83838,6011754596830469,zajuz@gog.bg,N,4
Bill,9/28/1988,Female,68153,6334465802451822,peugapov@nu.cx,N,4
Blanche,9/7/1998,Female,77858,5610063470943779,ho@ezuidi.tm,N,2
Clayton,10/22/1961,Female,74563,340035365120430,kicodor@zango.bv,Y,3
Lenora,8/24/2000,Male,98837,6334610021123195,lu@wew.ne,Y,5
Eugene,3/25/1993,Male,72497,5610071551308291,fej@calriib.cc,Y,4
Herbert,12/22/1960,Male,06647,6370278367577369,topso@utetuz.my,N,2
Lee,2/7/1967,Male,42056,6304330798958220,lusurac@se.cr,N,1
Emma,4/18/2000,Male,42924,4903722016687823,pit@kuse.cx,Y,3
Shawn,5/17/1995,Male,25627,4026187189907196,kildupwuj@adzef.ad,Y,4
Rachel,10/9/1961,Male,41862,36740698537197,fo@ejose.ag,N,4
Robert,4/29/1968,Female,60491,36860861638497,nuuduvi@epozbor.gg,Y,2
Bernice,1/18/1979,Female,22691,6334009211642009,aneri@hiv.pf,Y,3
Cecelia,7/21/1965,Male,38059,3528876389243916,imowarge@coluwcel.edu,N,4
Devin,6/20/1996,Male,42357,5187068813243582,pu@focir.zm,Y,5
Tyler,3/6/1982,Female,71838,201406462561172,poginaw@dumvem.as,N,2
Maurice,11/18/1973,Male,49920,342733519071305,cerge@bu.ly,Y,5
Hester,1/23/1982,Male,59730,36451661035033,amike@fogobuko.bi,Y,5
Elmer,12/29/1964,Male,19717,5610535370641819,ekajiged@fuw.gs,Y,2
Joshua,10/24/1970,Female,40587,5174878775854225,zoro@ipeteno.ec,N,2
Ella,4/13/1993,Female,57733,36472772029699,kafcakse@liw.gi,Y,5
Tommy,4/7/1988,Male,34111,5183392193243523,lajeneb@le.ki,Y,4
Esther,3/8/1995,Female,50202,4026501722956322,janagav@fiog.kz,N,1
Theodore,1/8/1973,Female,13159,5156465499276562,vaofi@rac.ne,N,5
Daisy,3/29/2000,Female,34090,5141799876330297,bil@abibeste.org,Y,1
Kenneth,4/24/2000,Female,64532,4903084015172491,wa@isepuc.it,Y,3
Mildred,6/28/1958,Male,79195,4802761556873825,uvatawi@vodkew.ke,N,3
Virgie,3/28/1970,Female,58633,4026983760057769,likbap@vaicke.ru,Y,5
Charles,11/11/2001,Female,61623,201420115862549,ep@apekike.ly,Y,3
Lester,6/29/1974,Male,08809,30023223669868,holiwu@piber.kr,N,2
Dora,7/13/1988,Female,67910,4026470026320033,bo@wevhu.bz,N,4
Alma,7/29/2001,Female,61757,4026182002377768,owvif@mewmur.tw,Y,4
Cynthia,10/25/1985,Female,20989,36085109392273,go@hucke.bm,Y,3
Zachary,2/18/2001,Male,90969,6304768799658911,sotbikrem@zop.zw,N,4
Francisco,6/28/1957,Female,72780,5018247287600908,jir@ga.ad,N,2
Clarence,12/7/1958,Male,37507,4026889316282647,idmagmi@tugaja.by,Y,1
Eric,12/29/1965,Male,15766,5018967499193711,gopmenhed@iseape.mr,Y,2
Esther,12/22/1971,Male,20165,4445214505762874,sed@cevabu.mc,Y,3
Winnie,5/4/1971,Female,42273,349156743487357,safik@jek.cc,N,2
Minerva,3/18/1988,Male,79113,6374730336940314,he@ecu.nu,N,1
Mario,7/10/1967,Male,26357,30063708916574,dapilra@buhicbor.kp,Y,5
Kevin,11/15/1974,Male,15944,3528220955869855,offafnav@go.bb,Y,2
Lilly,12/7/1970,Male,07086,4026543791006548,hipkif@ivwi.ru,N,2
Justin,5/29/1955,Male,80777,30043461707113,namjona@nabnuire.my,N,3
Laura,12/11/1955,Female,64850,6334683776764141,lucco@acugice.cm,N,2
Luella,9/6/1981,Male,23060,6376664661492690,mec@dibvu.cg,Y,3
Dustin,11/5/1958,Female,98024,5018874691297714,jatleh@vab.fo,N,2
Ronnie,1/22/1977,Female,78850,6236675089685210,gebogodi@remuzo.fi,Y,1
Billy,8/1/1959,Female,50322,36605626425437,rifodeno@now.wf,Y,5
Francis,9/1/1984,Male,79398,6304236214299349,bagkugrin@sah.is,N,1
Winifred,9/15/1985,Female,41870,3528769054231938,cotlihe@sitake.nr,N,2
Virginia,2/14/1974,Male,84107,4903183652401336,decah@nitoflu.lk,N,5
Ian,10/11/1987,Male,22462,5018781143579450,migov@eceumi.cc,Y,4
Ina,1/22/1979,Female,60625,30094691919234,luvzep@kiruf.jm,Y,3
Harriett,2/26/2002,Female,82894,201429006472862,oktubo@cazocu.aq,N,1
Stephen,10/29/1972,Male,92322,201466607608684,bebvo@oli.va,Y,4
Corey,3/30/1955,Male,96876,5140621506332314,zuntaaju@tejo.bf,Y,1
Katherine,1/14/1991,Male,78388,6374916003552561,fesag@ag.je,Y,3
Lucas,7/16/2000,Male,90746,5141580140937558,ririuwi@gesub.ly,N,1
Alfred,6/20/1982,Male,03292,30080592855809,zimkepci@kiswoabe.bs,Y,5
Harriet,12/24/1978,Female,84475,6011555035589859,di@log.ke,Y,4
Samuel,11/30/1988,Male,62784,36108060597126,eggaben@zav.mn,N,4
Melvin,11/20/1980,Male,86196,5109662778242723,oz@igi.mo,Y,3
Minerva,11/6/1999,Female,82855,5018841028072912,rotor@disag.ua,N,1
Addie,5/22/1982,Male,88789,201406409685969,bidcivik@viz.mu,N,2
Franklin,8/22/1962,Male,96793,345458419361575,ijufob@pawnevi.pr,N,5
Austin,5/2/1995,Female,08967,6011186694681561,nuaja@husiv.kz,N,3
James,5/26/1972,Male,82370,4903569097081412,tu@wosanel.ng,N,4
Trevor,5/8/2000,Female,53274,30040417356128,sopcom@wujte.kz,Y,5
Henry,2/22/1959,Male,24217,4903808618834895,saiw@lavu.mr,N,3
Mabel,12/18/1996,Male,65164,346661179011905,ci@rame.fo,Y,2
Jeanette,5/6/1956,Male,22234,5610871744773255,mi@agi.nr,N,4
Mattie,1/13/1962,Male,33537,201452912863396,rizbaji@pe.gb,N,2
Evan,6/19/1992,Male,07196,6293243541067285,edowop@poz.bg,Y,2
Marvin,10/2/1967,Female,30480,36188961292092,ji@bibe.edu,Y,3
Iva,1/14/1966,Female,44241,4903507841622750,letpagum@hun.zw,N,1
Patrick,6/29/1975,Female,33335,5610958802958371,ez@deok.do,N,2
Micheal,12/29/1956,Male,42297,6206635599908052,aveiri@biwekvut.mq,Y,3
Billy,6/17/1978,Female,37961,36844818365545,le@gi.ad,N,3
Phillip,7/3/1957,Female,83631,6011171969333585,te@ci.dk,N,2
Eddie,7/5/1985,Female,22887,5400470947273181,sizce@lauhe.sa,Y,4
Myrtie,11/12/1994,Female,58657,5499898250611302,wo@cictomze.ar,N,5
Ella,10/6/1960,Male,69229,6304873000282335,cuwovok@nazumbi.ni,Y,3
Emily,9/28/1969,Female,28057,36034084878799,gofguc@ezu.ch,Y,5
Julian,2/8/1962,Male,31951,5018836435440512,zamsabmev@vufek.in,N,5
Vera,10/13/1961,Male,31747,6265933056695769,uveg@izidebe.dm,Y,2
Melvin,12/25/1974,Female,32089,4903688765455292,lelzorgi@repimew.ru,N,2
Edgar,11/20/1955,Female,04925,6230831092390712,ubo@hoocle.zm,Y,1
Leroy,5/21/1990,Male,38167,201453207207752,bucor@udbuob.tp,Y,4
Lelia,11/12/1959,Male,31309,6334256710786767,nuw@jinkez.fo,Y,3
Jason,9/8/1988,Male,25617,6304681555169108,tub@sukajmi.as,Y,4
Landon,3/7/1969,Male,85125,4389440824232194,dos@uhajur.pw,N,3
Ryan,6/16/1961,Male,29365,6011390438837006,oruuf@debotugi.nz,Y,3
Brent,1/17/1998,Male,85632,5147719279269219,zurnij@dobpuj.td,N,2
Melvin,4/26/1958,Female,64967,5018691313463486,kaw@feje.ac,N,4
Jerome,11/11/2000,Male,62226,5494676252024228,fehmar@zokhaz.gd,N,1
Chase,9/14/2002,Male,11402,5127556304910233,je@halica.sj,Y,5
Jordan,11/17/2001,Male,05066,5018080548228411,sohe@bihro.td,Y,2
Amelia,6/24/1995,Female,26954,5610646569707723,ilo@hokcebo.gm,Y,1
Callie,1/2/1995,Female,13191,36215343574630,noj@ivruk.lr,N,1
Essie,5/15/1971,Female,26678,6374886456927018,mit@zoru.mc,N,1
Cameron,9/22/1985,Male,96572,5018277385819092,mokwivit@kacidiji.su,Y,5
Jack,2/4/1959,Female,98365,30027492613291,iv@rut.gr,Y,3
Arthur,5/30/1979,Female,15558,349265220905037,kifif@eh.pe,Y,3
Eliza,12/26/2000,Male,09883,5610381572017791,dezog@ec.fk,N,1
Gertrude,8/1/2001,Female,52834,6334787167768627,el@zuklo.nu,Y,2
Adrian,9/14/1984,Male,95770,30071361209005,wofif@abiwu.co,N,3
Adele,6/4/1971,Male,85244,201471848780854,rivajoh@bimsijiz.net,Y,5
Elnora,10/3/1968,Male,12141,3528507648934033,ulafaap@iw.tm,N,3
Clarence,9/3/1988,Male,45904,5424303099678802,gag@nutojemuw.pt,Y,1
Sean,6/13/1961,Male,53046,5610759826743538,at@mase.iq,Y,3
Mollie,4/19/1980,Male,23434,30036576063349,ceztummi@cuw.cx,Y,4
Aiden,6/10/1964,Female,40014,6011488790271812,fum@vunozajep.cv,Y,2
Jessie,2/11/1959,Male,11711,4467108692255622,rawuci@vograhded.uk,N,1
Jerome,12/21/1989,Female,84807,201444615211197,za@zew.as,Y,3
Nancy,7/24/1956,Female,35609,4292431748061880,sagtocol@ijuledtac.hu,N,5
Minerva,5/10/1966,Male,29172,36464285473670,tul@sal.sa,N,5
May,6/24/1972,Male,54167,5453053292280765,mizud@pig.cg,N,3
Bettie,6/23/1999,Male,10359,4903934087254306,arovu@sedok.nc,N,4
Herbert,1/31/1964,Female,76285,5610065119524449,rum@buzojgol.net,N,5
Corey,4/28/1963,Female,61212,4224190325238013,ahcifug@tunu.bo,N,2
Virgie,6/25/1965,Female,05186,30031205467367,ole@ru.la,N,2
Floyd,1/22/1973,Male,08433,3528252113028272,fil@it.ba,Y,2
Micheal,7/30/1997,Female,24433,4047484499929969,remwa@ug.dj,N,2
Jimmy,8/26/1977,Female,88745,3528131401797287,gulger@terez.im,N,5
Ida,12/16/1988,Male,26477,4394639259236066,rud@ugeve.io,N,4
Julian,3/28/1996,Male,01962,201472875183202,itnep@onzil.lk,Y,1
Luke,11/27/1990,Male,54817,5018618782044414,lo@fo.my,Y,1
Rhoda,3/19/1957,Male,53481,4916525102988129,susuruf@mef.cm,Y,2
Eunice,3/12/1978,Female,45489,4903395517477521,celewavos@tukeg.cc,N,1
Albert,2/13/1966,Male,21866,3528916706670175,foru@asbo.eg,Y,5
Seth,12/1/1974,Female,41866,201461949598248,od@nezaje.pt,N,4
Lillian,2/27/1989,Male,92702,201418081061427,facoja@gug.pl,Y,1
Jorge,11/9/1964,Male,57849,3528060659676366,ir@homgut.bt,N,2
Betty,11/6/1963,Male,70535,4903724555406862,ha@siknoh.cc,N,4
George,10/1/1971,Female,61961,5610513984883200,pafobnig@vawedit.it,N,5
Mollie,3/7/1978,Female,78326,6304978604116936,tudve@eneoj.pg,Y,2
Henrietta,11/20/1977,Male,67351,5473479414935158,rodelo@ok.sx,N,5
Christina,9/9/1957,Male,18738,4570583877234770,se@hase.ee,Y,3
Eula,3/24/1992,Female,06450,4464651198359656,aniuhso@igda.th,N,4
Bernice,1/12/1996,Female,69687,4870865707343005,ap@ujaum.ms,Y,1
Stanley,7/15/1955,Female,94221,5481713611829073,jo@gu.mr,N,4
Wesley,1/5/1977,Male,26928,201474216200869,joje@astehja.lu,N,5
Edward,1/13/1985,Female,63455,6376653150792199,pezgu@tudanjaf.gb,N,2
Tom,3/16/1963,Male,99439,4471914434532515,laf@girdi.ao,Y,2
Anne,9/23/1960,Female,60610,4506871933138419,vu@kuvziv.az,N,2
Elva,3/19/1988,Female,63310,5610809923840552,anusoroji@puf.td,N,4
Chris,9/22/1991,Female,65009,5018263578937610,parav@mere.ee,Y,5
Ida,8/22/1973,Male,15919,5450005266541989,beegreg@luloci.ke,N,2
Patrick,8/2/1959,Male,08856,6225388186942020,gukke@haabaha.vu,Y,1
Lilly,6/25/1967,Male,96554,6334185167243438,sunu@ir.np,N,2
Rhoda,4/15/1999,Female,69323,5018833524366633,me@bihofun.ro,N,3
Jeffery,5/2/1960,Male,69960,30070290404166,si@huw.gy,N,2
Roxie,6/1/1998,Male,12018,4402954088644822,wabro@rilbu.sn,Y,2
Belle,9/18/1982,Female,36197,5176942981285604,jaad@ga.ma,Y,2
Virgie,5/29/1997,Male,52734,5128705042906222,ofugalnel@ta.aw,N,5
Victor,2/24/1993,Female,04073,3528787397461988,iwusekje@putuh.ng,N,3
Myrtle,2/27/1983,Male,73120,36342272408620,he@gal.uz,N,2
Jesse,3/18/2001,Female,55387,5405998633225482,falosanij@jomoz.mx,N,4
Sophia,10/31/1994,Male,40645,341111325190588,bajat@ibe.hm,Y,2
Sylvia,5/13/1960,Female,63940,344837631184819,zustocneh@devulaw.et,N,5
Marie,8/29/2002,Male,35240,4026429596390545,cike@wali.my,N,3
Mario,12/4/1979,Female,50958,5481876781977905,ki@megkohtul.hn,Y,5
Nathaniel,10/8/1980,Female,57401,6011721855695719,ta@eg.cm,N,2
Mike,11/15/1993,Male,74060,36408970950450,buw@aknazaja.km,N,4
Douglas,9/17/1984,Female,15779,5436574333378617,ru@tu.tp,N,2
Lela,1/6/2000,Female,09966,5142951516634989,oji@hit.pl,Y,4
Alta,11/2/1966,Male,96165,5470109877085323,paco@deujul.ie,N,3
Alejandro,5/20/1967,Male,68275,6250595740968345,huvi@cifapwu.zw,N,4
Dorothy,1/5/1998,Male,23677,3528684445990722,si@buwuncuw.gw,N,2
Adrian,12/20/1956,Male,50342,4026689670175621,woc@vu.td,Y,4
Evelyn,2/2/1995,Female,52341,5018653836175617,uvogiza@cuzehi.va,N,5
Micheal,7/16/1983,Male,68512,5468497372275927,hac@fotsat.eg,N,2
Keith,8/6/1959,Male,84360,4026978677776121,ewluj@wubivwab.cw,Y,4
Annie,2/11/1963,Female,77148,6334593550116592,morru@mojmab.at,Y,1
Brian,5/5/1977,Male,06973,6011327013483822,av@miji.an,Y,2
Mable,9/8/1964,Female,89025,201459540647810,fe@hettu.cd,Y,5
Owen,10/23/1969,Male,97766,4175998040953859,oseih@ha.eh,N,3
Jeremiah,2/14/1962,Male,04038,6334421278502143,def@hulnawe.su,Y,2
Carlos,11/4/1990,Female,86814,5456377621236090,satgebsog@kopvusa.dz,Y,3
Jennie,3/9/1970,Female,37290,4903433209597684,tij@gun.kp,Y,4
Myrtle,2/1/2000,Male,77239,5610104156730088,sim@zuzbugi.sa,N,2
Lizzie,1/10/1998,Female,80435,3528546427953681,ed@le.ai,Y,5
Nellie,10/19/1975,Male,90403,5018464394801705,epiogli@jor.lr,N,4
Elmer,7/26/1975,Male,14194,4903599397203531,bip@cuzot.bm,N,1
Mario,2/5/1984,Male,33673,5610630255672227,ge@joizzof.lu,Y,5
Wayne,4/11/1961,Male,52882,4903901357125862,sudifni@furke.uz,Y,3
Violet,8/31/1971,Female,26749,3528971946958369,datwo@goreffem.ss,N,4
Antonio,4/5/1964,Female,08097,4469183544285711,cutbij@zifezi.bt,N,1
Angel,5/28/1958,Female,91427,6243167978517432,erivoum@hudsud.na,N,5
Brent,9/12/1980,Female,29653,5417956721187788,pupu@ukere.lk,N,4
Frederick,12/9/1977,Female,75828,348431397723642,guom@daidje.gp,N,1
Vera,10/17/1997,Male,33250,5439412662882833,kopeak@jove.lr,Y,4
Lillie,1/6/1982,Male,14277,6334615207319368,obhifor@wig.cw,N,5
Beatrice,8/2/1997,Female,11688,5018403747957947,ok@nimiluwum.tr,Y,4
Francis,2/13/1968,Female,50257,4491754500955257,obka@ira.cu,N,1
Warren,8/30/2002,Male,42611,6264530638297204,ke@huk.am,N,4
Lester,12/22/1983,Male,87478,3528126497276253,zokihgah@sope.it,Y,3
Travis,7/22/1964,Male,54923,201471144570389,mul@sahi.mh,Y,1
Ophelia,2/7/1987,Male,17020,5610194598818039,leg@madacvu.eu,Y,3
Gregory,6/22/1998,Female,56585,6011985490708670,udefo@fucjucu.kw,N,2
Owen,7/7/1973,Female,57236,6334399591002456,comij@upa.com,Y,5
Erik,10/24/1981,Female,29461,6304625055366342,handeruko@fogjas.gu,N,4
Tommy,5/21/1997,Female,74434,36033342000287,usa@niwco.nu,Y,3
Christina,8/13/1957,Male,99975,4903577531051289,po@vu.re,N,3
Fanny,8/24/1956,Male,73859,4903154156477171,vobdej@riecaaro.ge,Y,3
Gilbert,1/10/1982,Female,82986,5018093812758179,mesej@ninedkem.ro,Y,5
Gordon,2/16/1976,Male,90804,6221305551711065,rivfok@esjij.bm,Y,2
Marion,7/29/1993,Female,41974,5610407516352612,ne@asi.tn,Y,3
Arthur,1/4/1960,Female,47637,6377656457245877,fakvirju@hep.mq,Y,3
Jerry,5/27/1986,Male,45807,3528397804007844,nivaniz@af.ua,Y,3
Frank,5/20/1970,Male,09421,342167742338076,safzabco@hisahe.tl,N,1
Rosetta,8/28/1969,Female,67634,4146485652750969,wuvvice@je.ml,N,2
Marion,11/13/1960,Male,65857,4903610893815791,wopevluj@fehar.tr,N,4
Juan,11/5/1967,Female,29344,5610722684480999,ruwvad@hoisado.eu,N,2
Lloyd,11/16/1965,Female,05974,4223898171578263,hum@dop.vc,Y,1
Jeremy,6/3/1956,Male,45986,4903106987162554,afezeita@to.sc,Y,2
Alexander,3/9/1990,Male,30671,3528216595843128,marugieko@pilpin.rw,Y,1
Aiden,12/6/1977,Male,66364,4903754793466717,jaob@hapumeh.lc,N,4
Brandon,4/6/1982,Male,08525,5135140269418472,mu@dehaf.kr,Y,1
Estella,5/3/1971,Male,43286,4026656046435294,la@baknac.id,N,5
Mabelle,7/6/1956,Female,02974,5196266789667524,fefituh@ba.to,N,3
Ethel,7/28/1966,Female,61982,30040115537839,fiwehka@novjim.gb,Y,4
Brian,3/14/1997,Female,82314,6334791337958654,lobfuse@naz.as,N,1
Andrew,10/22/1970,Male,50133,5610970200168545,ludwe@ce.ls,Y,1
Jeremy,9/7/1986,Female,91952,5018461240185911,la@zis.io,Y,4
Alma,2/6/1998,Female,82065,6334236967392105,nuvo@zusigaj.il,Y,2
Winifred,6/3/1987,Male,97091,5018807773191249,ro@mizho.bo,N,3
Cameron,2/3/1967,Male,22671,5018278984677980,tubufunu@ispebif.eg,N,1
Charlie,3/28/1984,Female,96155,5136975404167198,cen@nifjup.lk,Y,1
Cole,8/24/1980,Female,98516,6215982718224279,mehja@ce.lu,N,4
Harold,5/7/1986,Male,91774,5107697739703951,fatomafe@bap.ss,N,1
Jayden,12/27/1994,Female,98799,4026581626729389,pewokju@ub.mg,Y,2
Dale,12/24/1989,Male,05716,4903456389615018,top@fudu.mg,Y,3
Travis,2/7/1991,Female,31585,6011037141077004,podihso@wedo.qa,N,1
Douglas,11/23/1985,Male,19604,3528491631721436,goalu@uhuev.pn,Y,5
Hannah,3/6/1986,Male,04512,5414578052384405,ko@uhi.gg,Y,4
Eunice,12/14/1957,Female,04871,36588051431775,mizwukvul@muco.ki,Y,5
Stella,4/5/1981,Female,79830,3528319394586441,caoha@idbilij.cc,Y,2
Gavin,9/25/1985,Male,59054,201425049001254,nevti@aze.mk,Y,1
Lottie,8/27/1968,Female,12319,6214759610273922,vivawojoh@zarir.ke,Y,3
Gordon,7/22/1962,Male,53602,36276947874180,cejez@ifardo.mq,N,4
Bess,7/26/1983,Male,49141,201492847888340,wimu@te.to,N,3
Edwin,8/27/1999,Female,96106,6011901960046277,ji@kakzi.ae,Y,2
Jack,6/5/1968,Male,29739,6011083919493262,heebuheh@ezeik.ba,N,5
Ethel,5/5/1978,Male,05975,5438181892417915,pe@vomdicpan.kh,Y,4
Jerome,2/7/1963,Male,68100,344536856927189,bidtah@uv.ax,Y,2
Sallie,10/18/2001,Female,03166,5420979690249905,huwir@bi.su,N,5
Timothy,7/28/2000,Female,92706,3528021547657026,demef@fi.lc,Y,4
Myra,2/20/1988,Female,83775,5433842787104737,avki@hulijom.mx,Y,2
Herman,3/3/1968,Female,99561,5610060885710579,tamoda@suh.cl,N,4
Mabel,1/18/1979,Male,30352,6334420331839591,zi@sehas.si,N,5
Frank,6/26/1991,Male,94051,30011611044158,ak@iniukiola.gr,Y,4
Clayton,11/12/1996,Male,42423,3528760509057614,sa@hijsufga.edu,N,4
Todd,7/3/1956,Female,84586,349045574696436,wuz@puwuszan.jm,N,5
Lewis,7/11/1962,Female,46911,343106868307183,zevided@perpaczuc.uk,Y,1
Eugene,3/15/1974,Female,10428,6225839584751140,hiposa@rudpufi.aq,N,1
Marc,10/13/1979,Female,33390,4845235481739145,bupel@visana.td,N,1
Carrie,10/20/1957,Male,87308,6011088462407361,cis@ijikim.ir,Y,5
Phillip,3/5/1970,Female,95326,5112016010787604,fecoda@sav.ee,Y,2
Virginia,2/23/1967,Male,68932,5152152714535295,fav@so.mg,N,3
Sara,8/20/1995,Female,72028,6011984863042577,zamiv@wo.sc,Y,4
Benjamin,10/3/1996,Male,71474,344381588027556,iwudano@hov.ls,N,1
Jordan,1/19/1991,Male,76030,4497441041349166,co@tuimda.lt,Y,5
Tony,9/4/1972,Male,38777,6334784283565151,wi@sidep.lr,N,5
Travis,3/7/1967,Male,83314,6202380052043428,jahal@ucnen.tf,Y,1
Georgie,8/17/1992,Male,13785,5471402853491808,tevofe@ma.pr,Y,2
Adelaide,5/1/1973,Female,81481,5174509262697435,ja@rige.gg,Y,1
Sue,9/19/1994,Female,70172,4896273412281927,wi@dagriome.mc,N,3
Craig,11/14/1977,Male,02437,5188784005320330,apubi@ka.net,N,2
Lucinda,6/22/1985,Female,60908,6376966400916982,laleba@meh.bf,N,3
Derrick,10/25/1955,Female,05451,5018938597846104,bebocreh@zirun.dk,Y,2
Sophie,9/5/2000,Female,78445,5610162450897516,kigpup@ru.ki,Y,1
Bill,6/7/2001,Male,53742,36275991663945,rarja@oci.pf,Y,4
Louisa,1/4/1982,Female,68234,6286071343548163,ar@unliev.ar,N,4
Carolyn,12/9/1987,Male,13804,4903247289442003,kembu@ba.org,N,4
Evan,7/29/2002,Female,99287,36007756145812,pumhuc@ahhub.ar,Y,2
Jeff,8/2/1958,Female,58935,36608359933833,hedez@kinjo.td,Y,5
Adeline,5/25/1972,Male,82486,6371720638314147,lu@ja.hu,Y,1
Teresa,5/31/1990,Male,44942,4026548290305978,dewrob@zo.ec,Y,4
Kyle,10/5/1964,Female,66808,5018972980446503,kaiv@heto.gu,Y,4
Lida,9/2/1967,Female,14181,346872556518525,vafi@jinuj.lk,Y,1
Howard,11/7/1989,Female,68431,6304964660200285,pume@ulusimjih.bq,N,3
Hulda,6/21/1980,Female,19184,4026589017210521,cavunihu@getjizi.lt,Y,5
Catherine,3/17/1992,Male,02528,4026387018028103,baicvaj@haf.su,N,2
Theodore,9/23/1976,Male,27403,4026628261812846,gigda@amagi.je,N,3
Gabriel,9/9/1957,Male,17144,6011497560811525,furi@zawupot.gn,N,3
Shawn,8/15/1966,Male,32231,6304182354806370,osaposrin@zu.af,N,4
Isabelle,2/9/1985,Male,33936,36347076354714,houn@josvelit.om,Y,1
Manuel,10/5/1971,Male,50337,36270167693099,retci@tejzud.is,Y,5
Owen,6/27/1970,Female,28926,30036067906675,uhod@jo.pa,N,2
Nannie,6/7/1997,Female,79274,5446471137764670,zogred@unohiz.fo,Y,3
Benjamin,10/8/1988,Female,99358,5450199943557433,tasvucif@mu.vu,N,4
Ivan,9/1/1961,Female,60150,5018244862147629,bom@mani.fj,Y,3
Mollie,11/9/1991,Male,93317,343670018980496,remocmut@bizi.et,Y,2
Dale,1/8/1984,Male,80806,6011117917175719,nehazul@nonob.la,N,4
Johnny,4/13/1987,Male,00233,4903122033123581,oziruiki@agiudpiw.ye,Y,2
Jean,2/15/1995,Female,78118,5119887644809052,jelag@be.ck,N,1
Ruth,11/7/1992,Male,37071,6374133353227311,hop@cucufej.ph,N,4
Jason,11/21/1995,Male,31622,4903627595052499,jin@gunekin.fm,N,2
Katherine,10/29/1990,Male,42347,4903092788218102,ewefeem@jewhupfen.bq,N,2
Olive,10/24/2001,Female,92671,3528705347767197,ca@fucaadu.tm,Y,3
Estelle,5/29/1959,Female,13915,36798621752929,ehe@jit.at,Y,3
Glen,10/10/1981,Female,06887,4903971304698246,rok@coegmo.gn,N,5
Minerva,4/25/1957,Female,36623,5610097605265906,moz@peg.tv,N,1
Logan,1/10/1980,Female,93578,5610098898962738,vo@vok.ht,N,3
Tony,12/2/1982,Male,71503,6334447123399658,towju@nugitso.ss,N,2
Angel,11/30/1962,Female,70944,5018097735835238,zof@la.gr,Y,3
Lawrence,9/10/1979,Female,69539,6011584135900519,duzazo@wo.gu,Y,1
Dora,6/30/1981,Male,45241,4268436581144834,osibo@wuosba.ad,N,3
Louisa,9/21/1987,Female,41732,6334332388056823,ezule@ezhil.mv,N,2
Ivan,1/11/1991,Male,23594,6210416596623877,teojuli@mabhu.bz,N,3
Mamie,8/21/1963,Male,11267,5179617117615901,kuken@esu.tk,N,5
Harriett,6/20/1987,Female,83849,4903447089018868,dah@owrol.rw,N,5
Vernon,11/26/1974,Female,80959,5018723781930074,loc@zi.gy,Y,4
Lenora,10/29/1981,Female,09116,5148456966232080,zij@ca.ad,N,5
Verna,10/22/1967,Male,33475,5610948994112499,lunce@da.uk,Y,5
Kathryn,9/25/1979,Male,99172,5018733047175331,di@gac.mo,N,5
Carrie,8/10/1960,Female,71258,6334591864372869,urulacpid@rok.ne,Y,1
Mason,5/12/1984,Male,32386,6334097308510999,sen@kesu.ne,N,3
Emilie,9/27/1958,Female,83552,30008427950966,wapti@ujiwad.ni,Y,4
Luis,5/8/1979,Male,67483,4110906295528712,isoesapo@udahunu.vg,N,3
Alex,4/9/1976,Female,56375,36869272878931,kuwwij@luhpal.cz,N,5
Eula,7/11/1990,Female,98962,5133077424260567,fumojo@buved.eu,Y,2
Edward,1/8/1980,Female,82798,6011173899342678,ca@lamepeva.mg,Y,1
Lela,9/26/1992,Female,45487,5610269607642016,gedsuj@ruvjuwkum.hn,Y,5
Essie,4/13/1967,Male,93452,36826786278370,apo@kar.ai,Y,4
Lina,1/9/1964,Female,74380,201491007207929,mu@fi.gov,Y,5
Amanda,6/14/1958,Female,32079,4903129260709073,hubwigsop@ruwas.pa,Y,2
Irene,7/18/1990,Female,11206,36702552837147,vebehu@se.lu,N,1
Dorothy,5/7/1971,Male,65399,5018718669937142,bikdid@sazpud.tn,N,5
Louise,10/15/1965,Male,70332,5018103795113662,no@enoom.mu,Y,2
Alice,4/8/1961,Male,52019,4806974251341966,deluepo@lovjes.bf,N,4
Trevor,12/25/1995,Female,70667,3528714491374149,avji@coehluc.uy,N,2
Dorothy,7/3/1986,Male,46121,4026862519926815,mujhewa@izif.er,Y,1
Jacob,9/18/1982,Female,70858,5610739764123828,ag@ak.gr,N,1
Mabelle,9/9/1981,Female,63390,4903966212869087,afodili@larkaphif.sk,Y,2
Scott,11/17/1969,Male,71981,4026311528174934,pumji@ninlehib.hu,Y,4
Annie,4/10/2000,Male,17788,5018821821062005,iv@demjih.ga,N,5
Rhoda,1/11/1960,Female,20260,6372149756723047,igunejori@ra.va,N,3
Helena,7/14/1987,Female,38284,36071208853027,rajigwu@kagucel.mp,N,3
Willie,5/24/1991,Male,08626,4026513039387885,rubulatu@ujakak.gb,Y,4
Allie,10/22/1956,Male,52239,201447470118639,pegfegas@wis.fr,N,3
Landon,9/13/1989,Male,34991,6304604023223737,eb@raegpup.kg,Y,3
Blake,4/2/1988,Female,79419,4727014653463666,faeju@defa.iq,Y,3
Mittie,12/23/1967,Female,16440,6206225696198540,ujo@vomjecaw.jo,Y,3
Rena,8/30/1971,Male,55687,6304764571806380,he@ibiiwkis.na,Y,3
Lora,12/3/1984,Female,59442,6304878149665480,cesab@ric.aq,N,4
Jared,7/11/1957,Female,51964,6011451906581524,kiuvouj@ino.ss,N,5
Don,11/16/1960,Male,59232,6304424229083722,afmavow@va.hu,N,3
Tommy,12/16/1976,Male,68457,6304394860123394,paji@zu.mn,N,3
Gary,10/28/1959,Female,95301,4026645231131370,gimiat@kesnotrac.nz,Y,1
Josephine,3/22/2000,Female,95756,6219521043498236,datipuj@lavfeti.bq,Y,5
Derek,4/22/1977,Female,48552,6334468151430850,juilazu@ib.om,N,3
Philip,1/2/1994,Female,88729,6334364218654576,hudijse@zughuuve.er,Y,4
Chad,4/28/1970,Female,40037,5018527426412822,hozkam@fepedoz.mz,N,5
Lucas,1/6/1974,Female,06068,3528717387705441,sivnumgu@jogkaodi.hm,N,2
Christine,6/29/1958,Female,59864,5182417597149694,vu@viszucdi.py,N,4
Nellie,8/18/1974,Male,68812,6370985488861064,fal@sice.yt,N,2
William,1/29/1971,Female,92088,5158403942843124,ziwi@abe.mo,Y,4
Mitchell,12/29/1955,Male,33716,6304241154807473,zo@taalo.in,Y,4
Dora,12/31/2001,Male,34283,4722588073659834,efezalu@lu.cc,Y,1
Benjamin,3/4/1977,Male,96597,5413378195550835,viv@fusgo.lt,Y,2
Paul,7/30/1988,Female,28067,5018004410429394,ih@imere.pg,Y,2
Lena,5/12/1976,Female,95480,6372053137226383,li@benibo.zm,N,3
Jonathan,10/21/1985,Male,56404,6334983911591072,hel@zecudul.rw,N,1
Herman,8/16/1961,Male,64018,4026302386105573,ceh@oko.cl,Y,3
Clyde,12/2/1990,Male,43921,5455056661602400,homlegomo@retuklo.hn,N,1
Fanny,11/24/1994,Female,58760,36042393117023,eko@davzofcep.cz,Y,5
Virgie,8/14/1983,Female,09257,5169141456868361,rolwobbo@juli.gn,N,3
Bertie,1/17/1980,Female,78262,6252714578937623,ipouvovo@zivzozaz.cy,Y,2
Nancy,3/1/1986,Female,82000,5018438395812622,uho@bo.gq,N,4
Willie,11/12/2001,Male,14720,30068460839591,coepa@ta.td,N,5
Nannie,8/12/1955,Male,84535,5115416976571777,hahepe@jobug.az,N,5
Frances,1/31/1976,Male,32675,6304409400182153,atgo@raidomom.je,N,3
Jennie,8/13/1980,Female,23804,36517846909159,sak@pedmirti.nr,Y,3
Harry,5/25/1992,Male,24234,201400239885188,fozufuf@hepisob.com,Y,2
Eleanor,2/24/1961,Male,18754,201401949376120,teveba@lusicu.ck,Y,3
Gregory,6/12/1964,Female,30278,6011502453648221,mom@todezbiz.pw,N,1
Vera,3/16/1974,Male,62173,6271998296683406,ire@davjetu.sv,Y,2
Kyle,6/5/1963,Male,11118,4026699964861513,wih@vepgujos.la,Y,3
Richard,7/9/1997,Male,25531,5018898761302930,hormej@wagubpi.nu,Y,3
Stephen,9/5/1960,Female,30578,4026059977979838,terwipca@hunseteb.cm,Y,3
Sally,12/16/1968,Female,36851,36709269591776,wejagser@vorje.ee,N,4
Eleanor,1/7/1982,Male,83106,5442206122660093,set@veb.ao,N,5
Ray,4/20/1970,Male,40744,5610522060785171,nasbazir@fawehnoc.jp,N,5
Amelia,10/14/1978,Male,09845,30034285710813,bopi@vi.re,N,4
Roy,4/26/1962,Male,96432,346507470498921,buej@va.uz,N,5
Randy,10/26/1981,Female,47862,6334120521056960,ros@lesofso.il,N,4
Brent,5/30/1977,Male,89122,6304993188336339,rozto@zepaj.sy,Y,2
Jon,7/11/1965,Female,28241,4968259138646561,uhledov@ledzovbav.ci,Y,2
Clayton,4/21/1993,Female,92085,6293614165000267,wu@fac.fj,N,1
Randall,3/12/1960,Male,08648,201437678892747,ciw@alatawi.dm,Y,1
Lucas,6/10/1957,Male,40613,5018644644263265,filfep@fa.ca,N,4
Keith,9/12/1965,Female,82145,6222372832411294,zu@ano.rs,Y,1
Philip,11/10/1957,Female,54215,36646551219916,boruhmev@el.fj,Y,3
Gordon,6/2/1988,Male,69629,6304723209218657,edap@fa.ms,N,1
Lettie,8/18/2002,Male,88238,6011528135234825,natbog@pe.np,N,4
Troy,6/10/1968,Female,86819,6281655413538768,gefarueka@ne.bh,N,5
Francisco,9/9/1974,Male,75721,4903537151293363,ihadwe@buzikof.vn,N,3
Jack,11/8/1985,Male,70607,30087254243968,ruduwe@huefo.gf,Y,4
Jeffery,4/9/1982,Female,83427,36136066859885,soh@kepdopa.np,N,3
Alma,2/26/1988,Female,79517,30050953388542,peraco@uwovun.lc,N,2
Ollie,1/13/2001,Female,02898,5194533948103085,vif@cowwecos.bw,Y,3
Jeanette,11/2/2000,Female,55603,36415950233864,mi@jeijeli.mq,N,1
Joshua,6/29/1977,Female,19700,5018483321199231,tupe@icugofhiv.li,N,4
Herman,8/28/1969,Female,93299,30004152771875,aski@ja.sz,Y,5
Christina,6/23/1991,Female,75795,5018385702034624,joh@te.mn,Y,4
Philip,8/15/1986,Female,93245,6334536257231008,ru@futid.bm,Y,4
Estella,8/21/1981,Male,33615,5486703838297613,fumvuzpar@acmapoh.org,Y,1
Mabel,3/7/1983,Male,92708,349266904767297,lihwu@ari.fm,N,2
Jared,3/27/1980,Female,07155,6276981317716855,icumho@ne.au,Y,5
Pearl,12/14/1958,Male,13176,5610219372520194,wo@uz.sr,N,2
Jose,10/14/1962,Female,29769,4973169717053241,hir@colazpu.tf,N,3
Della,12/6/1986,Female,69364,6304820057210032,kodsogces@apoom.tw,Y,3
William,2/6/1999,Female,31687,346481729845649,okawozal@fov.net,Y,3
Connor,3/3/1966,Female,57862,4080558424979575,ossop@onlifip.uk,N,3
Nell,11/1/1969,Female,54949,6372723745940928,ejzag@vief.ng,N,2
May,10/1/1996,Male,24161,6201420531762601,ihi@viic.uk,Y,1
Alice,7/1/1965,Male,42415,30020474973122,itad@le.sr,N,1
Marvin,3/5/1971,Male,90129,201449075588562,cuejawoc@se.vi,N,2
Herman,11/4/1971,Male,26586,6011666565353143,rodmufan@hohdinic.tk,N,1
Luis,8/28/1962,Female,07665,201428189965999,pa@moj.ck,N,5
Betty,11/4/1989,Female,06256,201471448588608,kawugas@ukpiz.co,Y,2
Marc,1/4/1964,Male,16521,5492276083067652,zanku@azoweedu.py,N,4
Christina,5/8/1992,Female,83264,4903260095025193,la@pa.pm,N,5
Charlie,10/30/1986,Female,11796,201432663678797,ecarihu@eho.et,N,2
Hulda,2/6/1958,Male,62063,4792004961610538,joguba@go.ro,Y,3
Nettie,3/28/2000,Female,63512,201432940857230,ugamahmor@fondew.gt,N,3
Hettie,6/12/1970,Female,96885,5018650277687365,kic@widi.ec,Y,3
Esther,4/24/1967,Male,85396,4903392912565653,gizpunluh@ivlep.gq,Y,3
Leona,8/19/1959,Female,37666,5610133826890220,ob@ekuvu.ph,N,2
Lula,5/12/1958,Female,35991,4903117164349161,amucid@lapbovej.si,Y,1
Hunter,11/29/1995,Female,75927,6304058200446977,kubro@locog.kw,Y,3
Lester,7/4/1981,Male,61648,4903476450797958,ugunasu@linrow.kp,N,3
Michael,8/14/1991,Female,88136,5610820442085264,itokas@jegis.lb,Y,2
Dominic,10/13/1990,Female,25277,6246724333233746,lanew@gihjugiv.ly,Y,2
Juan,4/11/1971,Female,04545,3528604901508032,coeda@lawade.au,N,2
Bernice,1/4/1985,Male,35342,5452618626297130,rimjujo@veb.ac,N,5
Edgar,3/4/1959,Male,08032,5431578011414995,dishud@zaw.cl,Y,4
Elijah,2/7/1990,Female,91764,6373054818194873,pulobso@pucmam.pe,N,5
Florence,4/20/1959,Male,71121,4903956861166307,culmetduc@di.bz,N,4
Harvey,8/12/1964,Female,95351,6334920139927480,nuvesero@kiejbu.gs,Y,2
Christian,3/2/1987,Female,92067,4903885976418297,ku@unub.ye,N,2
Randall,11/16/1957,Female,50253,6304648681421760,daco@houh.ac,Y,5
Gabriel,10/6/1978,Male,37885,4133306205878815,necaah@lejow.aq,Y,2
Leroy,10/23/1957,Female,93312,6011196106807183,zabweg@ursupse.gov,Y,2
Shane,4/18/1959,Female,47299,4026088604384922,gorefelo@wufcu.mt,N,2
Beatrice,12/7/1963,Female,95359,30084488579317,finecna@egluug.bw,Y,5
Lucy,11/28/1969,Female,84649,5610909642040847,ril@ner.id,N,5
Leila,12/20/2002,Male,89793,5610003840257369,ma@focesmu.et,Y,2
Lydia,6/2/1996,Female,62913,347896630972183,cocukkaz@wihigzo.gw,N,4
May,8/30/1968,Male,38262,6334048449325961,toz@jav.bt,Y,5
Louisa,9/11/1972,Female,18687,3528953761859641,di@lun.io,Y,1
Tom,9/2/1967,Female,64919,30017298706175,viul@iti.fi,Y,3
Antonio,2/6/1968,Male,11050,5018205911643900,wufluc@zojijheb.br,N,1
Ruth,8/29/1959,Male,67426,6334020373561028,zeh@zige.cy,N,3
Ruth,7/28/1964,Male,84462,30000058963418,wigtali@wekdepiv.pr,N,1
Robert,2/8/1999,Male,06787,5415898438596723,eno@suliv.cf,Y,2
Virginia,6/23/1987,Male,31119,5128449579254330,hip@ikaufe.cm,N,3
Mable,9/6/1976,Male,17081,6260487268526135,uzadola@som.er,N,2
Bess,11/12/1997,Male,52817,6259462453938646,rusko@vat.cf,Y,5
Douglas,3/10/1983,Female,30120,5422681217080312,mekbew@ocu.pk,N,4
Eddie,4/22/1991,Male,33658,5447894245496902,hezuhad@ez.sb,N,5
Lewis,9/25/1977,Female,28503,4302397020064751,miham@kif.ml,N,3
Elnora,5/30/1984,Male,77632,5164218262932840,fobed@bev.at,N,5
Abbie,3/18/1960,Male,57629,5428376876668051,veutef@etonioku.re,Y,5
Olive,10/16/1959,Male,79752,5118305062640454,ca@opipit.gi,Y,4
Duane,5/6/1969,Female,31039,5610574796508195,caur@ze.af,Y,1
Micheal,8/25/1992,Male,60315,5172680520591595,les@tup.bs,N,2
Harry,7/2/1994,Female,95151,5018652484959322,nuvewzu@dias.eu,Y,2
Randy,12/29/1981,Female,64164,5122830228748234,zi@mivubmu.je,N,3
Jesus,5/23/1970,Female,51569,6334697351592545,bi@gum.fk,Y,5
Brett,11/27/1995,Female,72182,30031517513882,sukbozso@harajkuf.km,N,4
Gerald,12/19/1987,Female,36356,6304889005325465,num@lu.kr,Y,5
Jacob,4/8/1955,Male,08163,345991191137755,bizwafi@cogkevvum.lr,N,3
Marian,10/22/1971,Female,21798,6334768270482181,on@gim.mk,Y,2
Jorge,3/26/1991,Male,53011,6370800476595865,mufenru@wi.bq,N,1
Ruth,8/15/1961,Female,93229,30061929659718,dupisgos@pe.at,Y,4
Jeremy,7/4/1977,Male,55565,36167160961467,cibcalen@uganerij.tl,Y,1
Phoebe,12/29/1996,Male,51061,347769145940708,tera@fuun.ac,N,3
Logan,8/4/1998,Female,34878,201430883792232,zodu@redce.hu,N,3
Donald,9/17/1968,Female,73059,30068767046940,vopzuwep@rif.ge,Y,5
Oscar,11/1/1986,Female,90138,6230152502112376,larer@tonwak.pk,N,5
Lou,11/15/1997,Female,04078,201494453330468,ki@uvi.lc,Y,2
Barbara,11/15/1983,Female,57895,30071446215951,vi@guiteame.dj,Y,5
Francis,9/22/1975,Female,46468,5018475922869253,osiji@aj.bo,N,4
Brent,5/21/1984,Female,88684,36318180016762,ramligon@hohkumwit.mc,Y,5
Ryan,4/22/1994,Female,39275,30012226158839,goghoimi@fe.gg,N,4
Ronald,11/8/1997,Female,43082,5018539842019164,koli@nesce.dj,N,3
Eddie,6/26/1962,Female,16158,6011081344831437,gubawcot@awiobsof.lu,N,1
Birdie,5/15/1963,Male,60210,4550869358127359,figop@jejsuso.de,Y,5
Cordelia,3/4/1989,Female,76346,6334972167899214,ta@rir.cf,Y,3
Jennie,8/30/1977,Female,65481,5018928495723489,su@oko.net,Y,2
Russell,1/11/1959,Male,34679,4026733260814932,lecul@daow.lr,Y,4
Roxie,12/5/1995,Female,94464,6254286908792844,ifofaca@araku.bq,N,3
Rose,9/14/1989,Female,24454,5474299096938935,ajvut@kafe.bf,N,4
Carl,5/20/1964,Female,83318,5018538160581136,ruble@rov.no,Y,5
Mae,2/15/1987,Female,51007,6334407602256357,festusku@gami.jm,Y,2
Bernard,12/20/1973,Female,92686,5199949359393152,jofloado@ko.gf,N,2
Mark,9/14/1985,Male,49482,6334248119845492,ekuvusan@po.sh,N,2
Nelle,12/15/1976,Male,52165,6334274921837014,vil@meenikab.mz,Y,5
Nettie,9/18/1972,Female,12137,5157243933707545,faf@lor.bo,N,5
Adrian,11/22/1961,Male,68944,5414762897865683,gi@kor.il,Y,2
Larry,2/11/1968,Female,14170,3528749883378258,zathurdup@bimtit.ni,Y,2
Alice,7/31/1985,Male,90574,3528322914048165,itu@kuoc.tp,N,4
Philip,4/20/1963,Male,46189,345745834444162,hamassup@ose.bt,Y,3
Don,9/29/1988,Female,66632,6374738218520435,wadogama@cujanfav.bd,Y,2
Terry,1/22/1991,Female,25670,36132081689746,kila@dirwo.aq,N,1
Beulah,1/21/1969,Female,47383,5173299459588313,utbujade@ifuizu.sk,Y,4
Aiden,12/16/1997,Male,61222,36107490016608,bugzog@baiwu.mt,Y,3
Amelia,12/17/1959,Male,77871,6011020222864102,hiwouko@ugijole.py,Y,1
Mina,9/15/1983,Female,45554,3528884194780965,huzazab@hi.lu,Y,4
Todd,8/22/1964,Female,21873,6304645912299783,tot@iwuzut.eu,N,4
Clara,10/25/2000,Male,08170,4903053990433822,ojecu@epa.bm,Y,5
Adrian,11/5/1976,Male,98567,5144425769182788,he@zurigron.nu,Y,4
Jennie,4/14/1977,Female,84956,347686986995684,celni@dawisus.bz,N,1
Katherine,1/22/1995,Female,43873,6371215581732643,husmu@hosiz.se,N,3
Julian,5/25/1996,Female,04093,5018381547137193,hooda@oleja.om,Y,5
Eliza,4/18/1968,Male,78868,349581673578448,na@lefazmof.vg,Y,3
Jerry,4/10/1956,Female,16576,6377771539160786,ujiom@lib.aw,N,3
Justin,2/8/1982,Female,69193,36363705608693,pu@bejuwni.ug,N,3
Danny,5/8/1995,Female,02758,6296850758424400,venivaj@mojuva.mw,Y,2
Jeffrey,10/19/1969,Female,93693,6011095521130314,sainju@te.mq,N,1
Mayme,6/14/1966,Male,88244,6334726637569405,ahdibe@de.gh,Y,4
John,3/15/1997,Female,14609,4903960138932335,gikjim@acupujjes.mv,N,4
Barry,1/1/1976,Female,68948,344397514282461,kob@duawuul.lt,Y,1
Bettie,8/12/1990,Female,42762,6011337970869467,cuwkam@avlimhi.ck,N,3
Lura,10/16/1990,Female,41714,5018193611128317,nubis@nal.io,N,3
Rosa,9/3/1981,Female,08927,5467030943615395,zazaen@cered.kr,N,2
Albert,3/9/1982,Female,25321,4432823812329477,mi@gempunoc.sy,Y,1
Samuel,2/15/1968,Male,81987,5018240596877812,bem@pa.io,N,4
Louisa,7/17/1955,Female,99712,6334897485697919,oc@sepiv.co,Y,3
Lois,8/30/1975,Female,99126,6370637342958541,zi@we.vg,N,5
Keith,10/24/1986,Female,80174,5465458813497895,wa@galiji.et,N,5
Alice,6/18/1963,Male,65101,5610194144593730,minok@kezjajzu.ar,Y,4
Hilda,2/19/1985,Male,58576,3528858139309874,gu@igu.lr,N,3
Jorge,4/11/1979,Male,86364,6011050222578931,kenu@ra.au,Y,1
Jim,6/2/1991,Male,94632,6304832139143594,usozudwol@utlugvab.mq,N,1
Brian,7/18/1997,Female,30419,36406861880661,ad@feside.pw,Y,5
Anthony,7/5/1956,Male,94183,6334594698359532,ak@capfodak.ps,N,4
Mildred,11/7/1988,Female,49647,6370235129419512,cepoz@hakloje.eu,N,1
Essie,3/20/1977,Female,90916,6304168477038207,lekfi@cic.ck,Y,2
Steve,9/24/1962,Male,82785,4026450525347307,jof@zek.as,Y,5
Jeffery,9/21/1965,Male,20207,3528088104458452,bo@zuomipi.gq,Y,4
Roger,4/15/1966,Female,51749,5018990993778670,pubge@heludi.gov,Y,1
Edgar,7/21/1972,Male,48547,5610596289620138,rumvic@aljez.ki,N,1
Carl,10/19/1956,Female,13809,6334293174522255,nimte@mindi.ae,Y,5
Jared,11/18/2002,Female,61703,5018144110220105,pefiger@pabijucac.ai,N,5
Hettie,9/10/2001,Male,06922,6273807099255171,ewmospir@vu.sc,Y,5
Barbara,6/11/1973,Female,92008,4690301915104409,cedleb@wap.sr,Y,5
Carlos,3/26/1966,Male,35969,6256813658182948,vi@estu.jp,N,1
Verna,3/17/1989,Female,20768,6252588697334965,ve@domewe.ug,N,4
Amy,10/22/1980,Female,83993,4026501626417272,vusva@siwme.bt,N,4
Caroline,10/1/1962,Male,91490,5116977815125967,orihra@caj.ug,Y,1
Augusta,1/26/1987,Female,32069,5417467874036350,fotdef@zambi.eu,N,3
Lloyd,2/15/1958,Female,30283,4903268449319683,fobez@va.fm,Y,2
