first,birthday,gender,zip,ccnumber,email,yn,pick,
Larry,5/4/1961,Female,14955,5489072012502066,to@ihi.az,Y,5,
Cora,10/31/1978,Male,97660,201450993437270,ce@ducobra.com,Y,5,
Rachel,2/15/1979,Female,51574,343819318627089,mod@we.it,N,3,
Bobby,6/3/1968,Male,39933,5610403215061794,nole@ipzur.sz,Y,4,
Emma,11/21/1960,Female,37945,5426325531963789,kemlajo@giwakhem.na,N,1,
Eleanor,9/1/1956,Male,31331,6334191548692830,facwi@kuh.gr,N,2,
Lela,5/10/1968,Female,74452,6378586090760983,wiritcud@wutcim.sr,Y,3,
Shawn,11/12/1982,Male,84421,5018878623859871,iriho@etjewnin.by,Y,3,
Millie,8/10/1989,Male,98767,5148944019400465,jaw@sa.cy,N,3,
Owen,1/15/1985,Female,35190,6304926996301723,nawhofbiw@puj.gp,N,5,
Essie,3/30/1977,Female,87745,5414944401797202,ukahogu@ol.kp,Y,5,
Leo,1/6/1992,Male,18827,3528549507648403,pa@gahaf.fm,Y,4,
Clifford,2/6/1957,Male,23414,6304619583397317,geg@ut.pr,N,2,
Keith,4/7/1991,Male,03501,3528587215059414,jaj@nircak.an,N,3,
Teresa,7/20/1969,Male,76002,6376117449316384,ovitov@gafut.ps,Y,3,
Hilda,4/24/1958,Female,12390,6378053675434567,masudo@ma.org,Y,3,
Virgie,9/5/1991,Male,12406,5480405959499269,jis@be.sx,N,5,
Essie,10/21/1999,Male,97643,4903726888807807,fasdob@ako.in,N,4,
Logan,6/2/1971,Female,67895,5465708111024753,vodu@so.io,N,1,
Betty,4/26/1970,Male,58943,3528912316691487,ib@hifgag.mr,N,1,
Walter,5/31/1996,Female,65160,6204732707306147,at@niebanu.cn,Y,3,
Leonard,4/9/1972,Female,72078,201403760184849,ahogu@jabursop.mr,Y,4,
Lilly,7/20/1975,Female,52398,4802496147285573,vukzos@zu.cr,N,5,
Jonathan,8/8/1993,Female,89502,3528984197451380,wiubi@kucovo.rw,N,2,
Caroline,4/20/2001,Male,48848,4026162607807377,gunis@zaha.mv,Y,1,
Marc,1/6/1955,Female,12227,5610819403929916,opa@hofdakop.as,Y,4,
Eleanor,12/1/1972,Female,18307,4903203679449389,de@kaamafu.la,Y,2,
Linnie,3/29/1994,Male,62444,3528628087445388,cicga@veb.pk,N,4,
Elnora,8/18/2002,Male,82615,6282187459291374,ecehubod@mowjiz.wf,Y,3,
Caroline,11/9/1955,Male,65797,341231390171451,ef@fogkeh.cf,N,2,
Alfred,3/30/1967,Male,33878,36094141942012,tegbo@mudjav.gd,N,2,
Lillian,3/24/1964,Female,22214,4026907818956243,citbah@kaem.mc,Y,1,
Ronnie,12/29/1957,Female,70832,5476216400040339,kuc@ow.aq,Y,1,
Emily,12/9/1996,Male,62304,5610283760111883,ziw@zevjizsur.tl,Y,1,
Leonard,5/18/1999,Female,88131,4026764637539886,jej@zekdofug.hn,N,4,
Jackson,6/15/1957,Female,78222,5610770994042702,juluku@vikevik.an,N,4,
Jack,11/9/1990,Female,26067,6304353600029006,fumme@ifne.mo,Y,1,
Tommy,7/10/1982,Male,78471,5018890562490832,uknis@ipi.hr,N,3,
Craig,12/16/1964,Male,83152,6304081977995562,an@zowubulo.al,N,2,
Lucas,4/26/1966,Male,44429,30073910433870,dod@vomcelah.bm,Y,3,
Evelyn,6/11/1960,Female,45821,5407944802034394,zo@ivarehkid.nz,Y,2,
Lily,3/8/1968,Male,61009,4026613178853851,tubuh@duce.gb,Y,1,
Viola,11/16/1976,Male,09070,3528973733526326,nujgizad@woge.it,Y,2,
Violet,5/4/1986,Male,04453,5018173886772395,cukudo@goma.pa,Y,3,
Ethan,11/14/1964,Male,40354,201449947868739,afu@ka.uz,N,2,
Andrew,7/28/1999,Male,33017,6334226105534577,su@iwje.mg,N,3,
Leona,2/2/1996,Male,49589,5018868664694915,buleb@noza.an,N,3,
Alex,5/8/1965,Male,91602,6011683456427589,pa@namur.mp,Y,4,
Russell,2/28/1975,Female,70245,5416659539678540,wiscud@cil.mm,Y,2,
Polly,11/11/1967,Female,01413,5610822312736315,uw@kelu.bm,N,2,
Lee,12/7/1981,Female,37919,5106147015531552,kotol@ciwez.ni,N,5,
Carolyn,6/26/1984,Female,29493,4903443412293625,bet@coodlow.gu,Y,4,
Amelia,2/4/1961,Male,64765,30072253730421,befucir@pokiz.mt,Y,5,
Ellen,11/22/2002,Female,91114,201413600716767,num@fov.vn,Y,4,
Marian,12/14/1988,Male,00698,201469420074407,jokif@muv.tz,N,5,
Louisa,11/12/1968,Female,05242,6371659652963100,cufiva@totihi.nf,Y,1,
Duane,10/10/1993,Male,54265,201459215878674,vop@tawor.gn,N,5,
Irene,2/21/1999,Female,95481,4903479877571956,wormon@lipconena.tz,N,3,
Mattie,6/16/1993,Male,94411,5120172808978341,iz@hoeze.lu,Y,5,
Owen,9/5/1968,Female,43564,3528476196105539,um@efa.kr,N,5,
Harvey,11/13/1964,Female,40378,6011935857109400,sovuv@me.vu,Y,4,
Tommy,11/27/1960,Male,96958,6304941804966351,askimi@do.mv,N,1,
Rachel,5/4/1985,Male,60712,36111965335634,fikilwi@faj.gh,N,3,
Troy,12/23/1991,Male,08565,6266941201461564,bik@riag.tg,Y,3,
Belle,7/23/2001,Female,04970,5145054624243962,ujnujaf@ipopul.ru,N,4,
Nicholas,6/21/1975,Male,82238,36347736380778,liwrenze@despucze.co.uk,Y,4,
Jeffery,9/11/1974,Female,85860,5018595573954417,ni@zebodo.cf,Y,5,
Eunice,2/19/1959,Male,24043,6011999410934415,kigug@obuwi.iq,Y,3,
Virginia,1/7/1984,Female,61124,201452480016559,jem@hagi.pn,Y,4,
Ora,12/29/1985,Female,56992,6011774562402929,sigus@to.ht,N,1,
Angel,1/29/1970,Male,19365,6011345003104596,du@igwip.gs,N,2,
Troy,8/29/1982,Male,04986,3528465025202880,uzijo@kid.gg,Y,5,
Danny,3/12/1967,Male,25023,4266623900203159,oboduom@hupome.kw,N,5,
Stephen,11/14/1987,Male,57957,5173093052284093,ze@vo.do,Y,4,
Isabel,10/30/1959,Female,96778,6334698650130854,tog@izelojla.de,Y,3,
Lily,12/19/1963,Male,29261,201406780726895,lecgifu@rigerwew.fm,N,4,
Olga,12/28/1981,Female,48250,5491908894615672,kiac@vic.dm,Y,1,
Kevin,1/28/1996,Female,80845,6011985681283723,heel@lokbiif.sd,N,4,
Mollie,6/20/1996,Male,46752,201468069723571,pula@riwte.ax,Y,1,
Ronnie,11/4/1970,Male,01521,6304975854692046,cop@neh.na,N,5,
Christopher,1/11/1988,Male,86153,5018598542917341,googagog@mulcinle.vc,Y,3,
Myrtle,8/3/1993,Female,53322,6231934478222225,bibim@usoj.us,N,4,
Kenneth,5/11/1976,Male,65501,6227820262990117,jezgo@zi.nr,N,4,
Rachel,4/23/1990,Female,89044,5610330951353863,koju@jucjo.es,Y,5,
Ora,7/20/1987,Female,54806,345857878003711,eveegu@habeg.jp,N,1,
Calvin,10/9/1966,Male,31743,5413082140698257,ase@zumza.lc,Y,5,
Marcus,7/20/1987,Female,21131,6299676519896587,suvzabnah@ono.br,N,4,
Cody,10/18/1973,Female,10168,4026689319603215,fazre@dazvevod.pa,N,2,
Betty,7/24/1957,Female,01609,345823934003996,uchaoj@lanubupel.cu,N,2,
Lester,10/24/1958,Female,56388,4026435069316545,zikuid@ki.ps,N,5,
Robert,7/2/1987,Female,93165,6334141384244584,upalawi@taz.in,Y,5,
Henrietta,5/5/2001,Female,50010,3528443684964082,marsiti@udcaji.gh,Y,2,
Tommy,4/1/1966,Female,43613,4771515150915813,analevta@fo.mq,N,4,
Joe,7/18/1969,Female,93444,6304431888433841,ciretso@jareg.sk,Y,3,
Bess,1/15/1961,Female,22114,6271106521212567,ot@fimefes.me,Y,4,
Hester,9/3/2002,Male,23199,4770374500238935,ja@ruagelub.fk,Y,4,
Annie,10/15/1998,Female,60927,4903279197624349,vi@vut.cd,N,1,
Isaiah,9/30/2000,Female,90608,5459470382177624,ez@lado.gg,Y,3,
Jose,2/27/1957,Male,41451,5018694052419297,nus@diczerlu.vc,N,5,
Brent,1/28/1991,Female,98187,6376286462711092,zepul@gej.gw,Y,2,
Ryan,3/14/1983,Male,27411,348209549433751,dafza@ji.nl,N,5,
Claudia,7/20/2001,Male,60192,5431178901650137,kah@ezenurev.ss,Y,2,
Cornelia,10/17/1986,Female,08688,5018980419096013,ape@limanuz.sd,N,1,
Eddie,8/14/1987,Male,26402,4698787128774925,itapipa@cibzegpo.cv,Y,4,
Alberta,7/27/2000,Female,08416,30073292650141,jopo@suvpama.jo,N,5,
Dora,2/14/1985,Male,29392,6207319893179913,venka@jelgo.bi,Y,3,
James,4/15/1974,Male,66251,6263085126148998,pimzoh@nucfewaf.pg,N,2,
Richard,10/6/1971,Male,61783,5018698668351216,ikizir@zejzun.rw,Y,4,
Ralph,5/12/1990,Female,12969,6304262479925980,not@ki.vu,N,5,
Dean,8/12/1987,Male,07394,5018020617019895,natnibnot@weklolwe.mp,Y,5,
Angel,9/27/1970,Male,54390,30052618621143,ajalap@zi.et,N,3,
Genevieve,4/6/1990,Female,17219,6011316430291579,teflisu@dum.je,Y,3,
Harriett,2/9/2001,Male,62168,6011013875250828,dinu@ukamu.fk,Y,1,
Victor,1/6/1965,Female,58035,345931086529526,id@ziwdu.tp,N,1,
Virginia,10/14/1985,Female,52051,6370000666511471,vuhreh@ugemuene.bz,N,3,
Virgie,3/26/1984,Female,27062,5610694949264338,veglujube@dajrocut.ms,N,4,
Martha,12/20/1979,Male,23665,5610260947304292,vosgo@biizu.pt,Y,1,
Wesley,2/2/1999,Male,77823,340666440995311,niffonap@sek.md,N,4,
Dominic,8/21/1974,Male,38415,6379729317831851,zotida@web.to,Y,2,
Edwin,11/26/1995,Male,28003,6271916819140803,wu@ofo.by,N,1,
Lela,9/19/1955,Female,17178,4026560249315636,towun@lifumje.co.uk,Y,1,
Phoebe,5/10/1994,Female,94107,5610669214658711,ritra@jola.sr,N,2,
Antonio,9/27/1975,Male,52571,5018652805811756,hugeve@rebco.hm,Y,2,
Lucille,8/4/1969,Male,25786,6371950487828380,go@acu.gn,N,4,
Dennis,2/15/1991,Female,81602,345840613321531,gipkabme@irojecdaj.uz,N,5,
Helen,7/10/1980,Male,11885,4754303478494188,mabfoz@carib.su,N,4,
Theresa,10/19/1995,Male,06443,5496145659731692,uzuhi@fuba.mu,Y,1,
Marguerite,5/3/1964,Female,03680,6283179747144886,rudwakaz@zubjo.gd,Y,2,
Antonio,3/22/1986,Female,20007,4026576412019540,deg@ubiziw.aq,Y,2,
Adeline,5/28/1995,Male,20018,6304678268551895,jifi@huhibihu.ma,N,1,
Nelle,6/8/1986,Female,90914,5171189761664914,haovoged@hinili.ve,Y,1,
Albert,7/8/2001,Female,37426,6372520408663544,kucen@in.vn,Y,4,
Dennis,1/16/1956,Female,42281,3528232767089341,udiror@dauvfas.tv,Y,5,
Janie,11/22/1999,Female,39736,201441392632207,fekgefoc@gaoda.ai,Y,4,
Ray,6/14/1966,Male,83599,30054906365284,pakahpoz@epi.mg,Y,5,
Leila,6/27/1994,Male,44403,36635121810940,kihe@vuv.lr,N,4,
Eliza,4/18/1984,Male,57212,36547830555270,aboemu@sof.rw,N,3,
Ruby,4/9/1995,Male,44517,36063924254762,kazhooti@kabi.ve,Y,5,
Sean,9/13/1981,Female,18779,6244581901643645,kiw@muguboh.dk,Y,2,
Rebecca,11/28/1980,Female,41147,6227343407922994,mujpu@fewe.ai,N,3,
Susan,3/31/1999,Male,63799,5018041935468572,emu@egi.iq,Y,1,
Nathan,1/26/1984,Male,08576,5197517544306090,bi@ik.eu,N,1,
Jacob,10/10/1994,Female,50605,5403487132200933,ceh@nubbolog.re,N,5,
Steven,3/30/1988,Female,33611,5018895382691808,hufjehpop@vu.no,N,5,
Steve,12/13/1975,Female,62546,6011169016074277,kim@orudura.me,Y,2,
Alfred,4/14/1966,Female,54765,201423852533323,fafiw@ruusi.sy,N,4,
Effie,4/17/1998,Male,50240,342246388390896,tuptuvuc@cohozzos.ly,N,1,
Alma,12/22/1978,Male,91092,3528496108902500,gikhih@ug.dj,N,2,
Gertrude,1/17/1961,Male,55594,4026897256874067,jolevaj@bavdohe.bs,Y,4,
Minnie,6/5/1970,Female,11166,6334186667557624,hi@jeuwi.za,Y,2,
Edwin,8/6/1961,Male,47757,5458836846398843,fadgefum@conkife.ua,N,4,
Sarah,1/4/1990,Male,68715,36467744223339,etufa@onvu.zw,Y,3,
Mattie,1/26/1978,Female,58361,4483102092999590,ufniisi@ju.lt,N,2,
Josephine,11/15/1994,Male,17161,5018336403875419,refdi@ta.ee,N,2,
Gordon,2/20/1969,Female,72323,5418005992787774,dek@nuju.th,Y,3,
Russell,6/25/2001,Female,94851,5610360015277436,ko@ohbun.mq,N,3,
Tom,12/28/1983,Female,05266,5407265237715146,hew@vedfood.cg,N,2,
Gene,11/14/1976,Male,59458,5480020428669614,ip@ala.im,Y,4,
Ellen,4/16/2002,Male,06646,6293019850481311,baswubor@sibkinkig.hm,Y,2,
Randy,8/3/1996,Male,41443,5018992333999941,zozsi@femew.us,Y,3,
Beulah,6/16/1960,Female,47160,5108429164683576,tu@uspendan.ai,Y,2,
Iva,10/27/1976,Female,43938,6334641172073756,ridaf@mu.edu,N,1,
Elnora,1/23/1983,Female,95550,30056444698662,moz@ufine.mo,N,2,
Isabelle,7/6/1992,Male,69912,6238467703576183,tivov@ikovut.lr,N,5,
Margaret,12/16/1999,Male,23728,5497154997019298,woj@saigiuzi.mn,Y,3,
Thomas,12/16/1983,Male,90530,4026702705003575,iffe@ikzufi.gd,Y,5,
Bessie,2/15/1975,Male,93856,5610578021807587,izeofise@pajre.in,N,1,
Todd,6/28/1959,Female,66914,6011979399692176,tecnu@leczaeve.tr,Y,1,
Marvin,3/18/1970,Female,94030,201457536363624,jah@ketepugi.lc,Y,4,
Eddie,6/15/1998,Female,87649,6304564988179284,sip@wo.ky,N,5,
Loretta,12/26/1979,Male,72401,4903295162769539,vi@po.tg,Y,1,
Lydia,10/3/1963,Male,53369,4026224866988528,ka@baz.io,Y,2,
Leonard,6/29/1985,Male,20264,36568116369798,eroej@zu.kw,N,4,
Ryan,3/6/1969,Female,19264,4399113261702510,ava@eh.us,N,3,
Norman,5/9/1968,Female,96506,5610461360487925,raelenih@favduvag.gr,Y,4,
Keith,10/25/1997,Female,84111,4903389076827523,lojegow@ir.mv,N,1,
Leon,5/12/2001,Male,94299,6238903002477244,po@upoza.kh,N,1,
Augusta,2/3/1978,Male,76082,5018403646964465,kiima@kekol.cr,Y,2,
Emilie,12/3/1981,Male,85390,6011333263915505,heotemo@nejwur.ug,N,4,
Cordelia,7/22/1967,Female,81564,4903797837620849,jiwajoole@niibuzir.ky,N,1,
Amanda,5/12/1989,Male,51919,4903641691901350,og@celru.sh,N,2,
Hallie,12/23/1955,Female,99486,3528318454512206,zevuis@bakov.hn,Y,1,
Carl,3/13/1983,Female,66458,5193197079843330,minnu@akugu.sl,N,1,
Carl,5/29/1965,Female,60349,201487315406260,ikehapsed@labgac.sj,N,3,
Henry,9/12/1962,Male,90263,348311111616852,puedarim@atsuklu.nr,Y,5,
Jimmy,9/6/1984,Male,97054,6304083685231884,ejgag@dikkeleb.gl,N,3,
Harriett,12/1/1960,Male,72624,5610638008517045,mo@ra.tz,Y,1,
Claudia,1/1/1974,Male,83921,6334933980476143,biwwa@gi.edu,N,5,
Samuel,4/26/1990,Female,62327,30061646649885,baazju@firugruk.bj,Y,3,
Alejandro,6/5/1976,Female,17947,6011799717979877,cizfijupo@jeed.yt,N,5,
Isaac,7/6/1980,Male,52169,6304662258470423,cah@falipu.bq,Y,5,
Charlotte,12/1/1971,Female,10497,4903753754502460,roz@awwu.pr,N,2,
Jerome,7/15/1967,Female,09107,6011476954780090,ehocimwa@ac.at,N,5,
Adrian,5/3/1979,Female,00554,201433899050595,uc@ud.lc,N,5,
Brent,9/17/1973,Female,67130,349829155368501,egdipa@ozanaju.gi,Y,2,
Jimmy,1/22/1969,Male,98248,4903617109806803,le@luspafaf.cl,Y,3,
Leroy,8/11/1965,Male,29380,30048261385184,pu@ged.ao,Y,3,
Albert,9/19/1991,Male,61140,30030987717460,jof@ifta.zw,Y,1,
Harriet,1/30/1983,Male,89394,6334663571656064,buwen@fezlikok.gn,Y,3,
Jesse,12/24/1966,Male,99883,5402709758521578,ege@ze.st,Y,1,
Nathan,12/7/1958,Female,77638,6334468402759412,omabum@efi.gh,N,5,
Clayton,9/14/1971,Female,50073,201420503412089,hi@wikal.bh,N,1,
Sallie,4/2/1984,Male,62475,4026947229711241,ruvluvoj@goalo.cw,N,3,
Fanny,4/26/1998,Male,03897,4903729604619118,iv@ajlawhis.gg,Y,4,
Lula,1/24/1998,Male,01831,4026574358008965,ri@ume.va,Y,4,
Shawn,5/25/1969,Male,28274,4026510213525231,letesu@cal.lr,Y,5,
Helena,12/31/1957,Female,00502,36223845545025,obzu@pawuc.is,Y,5,
Jerome,1/7/1990,Female,12271,4887257381376447,sop@ome.lt,N,2,
Harold,6/12/1989,Male,38555,346166910422809,dofjuj@daewuve.re,N,4,
Eddie,8/14/1960,Female,51953,6287153454264175,owofahoci@uzotow.lk,Y,4,
Robert,12/26/2000,Female,27169,30096327503431,keeludap@ba.nl,Y,1,
Grace,9/20/1958,Male,86694,5610744433654922,zidbul@gop.cv,Y,2,
Elmer,4/14/1981,Female,07815,36400423908656,lubhuanu@go.hn,Y,5,
Barry,3/2/1985,Male,84885,6304331329079510,wij@pejsuv.bq,Y,3,
Francis,11/30/1991,Male,42177,5453184850369748,wop@hahjis.ht,Y,2,
Susie,9/1/1981,Female,32918,6304580225453233,wulboise@ci.nc,Y,5,
Mathilda,11/16/1981,Male,33915,201429980106429,ol@rop.cm,N,1,
Lillian,6/26/1984,Female,73142,30036589405883,ji@suvloj.cd,N,3,
Dora,4/20/1974,Male,71578,6334593132256098,zasce@zelolar.gi,Y,1,
Abbie,1/16/1986,Female,48282,6374149777934662,jovieb@sabrot.th,N,1,
Lily,10/2/1984,Male,38381,5018464717541269,gijbu@azuab.tc,Y,5,
Dora,11/5/1996,Female,26012,30074268642609,jawodfe@jenapwe.eh,N,4,
Hilda,11/27/1973,Male,81290,3528281958049275,dep@vec.co,Y,1,
Cora,7/11/2000,Male,26964,343113162467309,re@jaemcer.mr,N,1,
Mabelle,7/17/1977,Male,49451,344134168242651,motlor@lipav.gm,Y,1,
Susan,8/24/1980,Male,92342,6304748860682347,gi@ikhat.bh,Y,3,
Cecilia,6/22/1970,Female,81424,6334690088092376,hopoc@ha.gb,N,4,
Christina,12/22/1957,Female,63693,201468995017015,jefu@vobo.si,N,5,
Mittie,10/9/1973,Male,34411,6334652680438514,ze@zatmukej.li,N,5,
Adam,10/11/1961,Female,23708,201478193161119,isu@wop.ua,Y,1,
Augusta,6/25/1980,Male,60836,6375757649977112,atcolse@lorfavjeh.se,N,1,
Lela,8/30/1989,Female,71137,5018411714802707,ja@piw.tg,Y,4,
Vera,4/10/1998,Male,00999,6334212818474327,pegjef@tidos.ae,N,5,
Dominic,11/24/1980,Male,03973,5610813945223342,wani@judzugow.vc,N,5,
Lida,11/6/1992,Male,63922,5189704060182549,boikzil@nacudge.ni,N,3,
Polly,3/15/1959,Male,94994,4903869584947780,bahbo@upa.dz,Y,2,
Lou,1/12/1975,Female,32223,4026722424871292,un@gofa.ug,N,3,
Allen,4/19/1974,Female,43892,5143951426012804,wu@ha.ne,N,4,
Phillip,12/14/1969,Female,84721,3528302983474039,fobamuna@mep.au,N,5,
Jorge,10/29/1996,Male,52931,6304920591697601,kug@dutewi.ly,N,4,
Ruth,10/28/1969,Male,27463,4903903951237861,itulaga@reg.pk,N,1,
Blanche,2/13/1989,Female,90451,4903614699981211,fe@kugvuc.uk,Y,5,
Etta,9/3/1984,Male,75667,6202849611556773,negdas@ecbeweto.ms,N,1,
Marvin,2/26/1957,Female,43503,6011829984608121,ineiv@uru.pm,N,2,
Joe,5/22/1965,Male,92728,4903029878412633,awge@bojpotaf.qa,Y,3,
Helen,3/1/1985,Male,47530,340876395139746,kopon@nut.me,Y,3,
Cole,2/24/1969,Male,30794,6334862496673481,te@kab.cv,Y,5,
Tom,9/8/1961,Male,06590,6304568933032548,oce@nuwki.ml,Y,3,
Hester,3/7/1963,Female,11321,201435372227731,uhohorcom@hiozba.cm,N,1,
Lucy,10/26/1993,Female,29807,5458764624863004,voffiko@hug.nf,Y,5,
Mable,1/9/1967,Male,00409,6304190105427032,piv@te.zm,Y,5,
Myrtle,4/14/1979,Male,13472,5444190439097850,pefdav@rifru.ax,N,3,
Kenneth,8/5/1956,Male,38557,3528261012248972,bo@uj.kr,Y,3,
Rodney,3/3/1987,Male,27314,36916004621301,lij@ku.ms,Y,1,
Lucinda,8/19/1996,Male,93109,36774173866433,podapucoh@pi.ly,Y,4,
Elsie,8/31/1988,Male,35956,6378519367822632,uto@ujoke.ge,Y,3,
Joshua,2/17/1992,Female,28509,6304786883526471,sisova@fo.ss,N,3,
Marcus,4/25/1979,Male,66921,3528522603799628,bonogani@re.mr,Y,3,
Joel,6/1/1974,Male,66849,5170281076036978,poc@dogoba.bq,N,2,
Irene,7/9/2000,Female,40044,5610601607697113,tonhu@bufku.sh,Y,2,
Gordon,1/22/1983,Female,30843,342188800758831,ji@was.cm,N,2,
Chester,11/13/1957,Female,82203,4026979757001547,kofdetci@beszoc.cy,N,5,
Rosie,1/19/1995,Female,21132,201426140326426,zak@buuw.cd,Y,4,
Leroy,1/24/1987,Male,85192,5610257369674186,joghafmo@noc.org,N,1,
Cecelia,7/12/1991,Male,25161,6334040234952893,ocafu@rif.lc,Y,4,
Jimmy,11/18/1958,Female,55963,4026643489879444,cemuk@ker.vi,Y,4,
Scott,8/16/1993,Female,16697,4026428690598615,uci@ne.by,N,1,
Brandon,1/18/1977,Male,75174,4026907557917638,furah@za.sy,N,5,
Grace,1/18/1961,Female,69272,6375912740938188,sobnah@epuvu.aw,N,3,
Claudia,3/30/1960,Female,24420,5018426499019277,jubkuad@leid.je,N,4,
Elsie,8/31/1992,Male,92905,6334579761885307,ludza@rucojzor.zm,N,3,
Lillian,7/16/1980,Male,64092,3528297140689141,bafmin@copla.bs,N,5,
Winifred,6/11/1979,Female,96488,6011910583187533,woswodu@ci.sz,N,4,
Marion,12/3/1959,Male,57690,4940805076003588,la@tautu.pw,Y,4,
Leon,7/4/1967,Female,43127,4026382565313784,pa@gahiflu.zm,Y,4,
William,5/2/1962,Female,23075,6371303069932610,icmoof@vez.az,Y,5,
Annie,1/24/1999,Female,80703,5468327109292715,ocufrop@kor.ie,N,3,
Kevin,2/28/1997,Male,22628,6304324588923635,daz@ban.ec,N,3,
Lois,11/7/1967,Male,78012,344394762030882,ciehtuf@noc.io,Y,2,
Philip,1/1/1994,Male,37224,6278349823625713,zir@zeusi.za,N,3,
Steven,8/24/2000,Female,97354,6334535672802286,rig@das.ca,Y,3,
Christopher,7/13/1987,Male,56298,6200311220305722,mojji@fakajfa.mk,Y,1,
Lucas,1/4/1983,Male,93189,4076293084041443,zel@giwfitca.cx,Y,3,
Florence,6/15/2002,Female,19060,4903797205272264,to@fenukanu.rs,N,4,
Chester,11/26/2002,Male,50931,3528603474454723,mohog@zatmojaj.net,Y,3,
Anne,7/15/1994,Male,28980,5179508836897955,ve@hot.cr,N,1,
Winnie,1/21/1998,Female,26278,3528505171292100,la@dut.vu,Y,1,
Hilda,2/13/1965,Female,48886,36509173972587,bujcud@re.ml,N,3,
Warren,8/20/1962,Male,81819,4026805590917872,kej@kahva.nu,N,3,
Jimmy,6/15/1973,Male,76263,4903488779027108,gih@ili.cg,N,3,
Jesse,5/8/1992,Female,26344,5610411186022851,wo@agebuson.by,Y,1,
Nannie,6/2/1980,Female,53978,5136903286322616,libus@vulporaje.na,Y,5,
Jerry,6/29/1962,Female,50921,5475131849764061,lomul@asnoki.ki,N,1,
Norman,6/29/1986,Male,81597,341832837134471,uga@ih.cc,N,4,
Inez,8/30/1996,Male,54340,6372768058422188,ildobofa@pe.hn,Y,4,
Mabel,12/13/1978,Male,01954,6011333982364373,go@palpos.bf,Y,3,
Bessie,10/18/1957,Male,21782,6304186456473609,us@baklutle.sx,Y,3,
Alta,1/14/1963,Male,69658,30002637321332,wiaz@donu.it,N,4,
Tyler,1/2/1994,Male,44347,3528930479297462,norvi@olov.mk,Y,2,
Luella,8/7/1980,Male,85849,36619695096151,bapahate@sat.mk,Y,3,
Josephine,2/8/2002,Female,57407,6375446898288708,jukel@odsif.sx,N,5,
Tommy,10/26/1979,Male,56793,5610911774712672,konesuaf@hordateb.re,N,1,
Warren,10/22/1998,Female,48087,6304416181122126,si@tezewu.za,Y,5,
Margaret,12/12/1969,Female,66325,3528574534209003,dijal@cehiz.ma,N,1,
Travis,12/13/1984,Female,49160,201490199883802,hebmo@dupi.cc,N,2,
Georgie,2/14/1967,Female,76548,6011030124869737,huwpuike@ero.mw,Y,2,
Helena,11/4/1991,Male,40765,5018452754299230,zontukci@cidheko.lv,N,5,
Charlotte,12/28/1961,Female,00463,5610233435428956,for@pilmijis.qa,Y,4,
Walter,8/25/1988,Male,55116,6334087482087419,nuf@zoc.ac,Y,4,
Evelyn,2/14/1961,Female,32093,4026003870834898,owised@ure.th,N,2,
Cornelia,10/28/2002,Male,81507,6334834069801211,moibse@muelo.gb,Y,4,
Marc,11/27/1987,Female,35369,5432020258932396,nunekal@zevzebe.tk,N,3,
Catherine,1/23/1989,Male,23152,4903814456126022,lo@todohu.mp,N,3,
Isaac,5/2/1965,Male,16400,6334950913091732,daj@geodu.bm,Y,3,
Olivia,3/13/1980,Male,45140,5018516673791483,maged@wer.ac,Y,2,
Lina,12/3/1962,Female,22086,6285593672842850,na@re.de,Y,1,
Inez,9/16/1980,Male,13629,36682300023994,ibogib@sijlus.cr,Y,3,
Travis,12/2/1992,Male,43058,4903995945143940,gifcos@amanokdi.uk,Y,5,
Ann,8/24/1999,Male,93419,30012708958540,ig@ilug.sh,Y,2,
Victoria,5/14/1975,Female,97407,5610635571786056,ha@meuba.gm,Y,1,
Max,11/6/1992,Male,43982,6334171596202757,padaddif@tivofel.pf,Y,1,
Minerva,8/1/1995,Female,98473,6304426071520651,sov@wuugi.fj,Y,5,
Arthur,9/15/1987,Female,54670,6370123005733257,ju@amo.se,N,4,
Earl,7/12/1998,Female,33492,36866361601505,ogijebi@gibuz.gn,N,2,
Steven,9/11/1992,Female,70798,6011148878806638,hobdazmuc@cohwef.be,N,1,
Olivia,8/9/1972,Female,12012,6212044389338350,kakohef@culgag.bw,Y,2,
Rosa,1/16/1957,Male,96428,30003708507940,herwe@horibbon.cr,N,3,
Bernice,8/5/1970,Male,46707,347814027253893,ik@of.qa,Y,1,
Randall,4/17/1993,Female,54554,36310890241350,mo@og.cr,Y,1,
Joseph,4/5/1986,Male,11816,5018884859186526,cijpenza@gug.yt,Y,2,
Linnie,9/12/1996,Male,66899,5018037599738300,ofavarvu@egiugi.bj,N,1,
Bessie,1/11/1982,Female,06250,201456062767273,gaveve@kesvapham.cv,Y,5,
Maria,4/30/1970,Female,82455,6334120307165233,howti@ud.co.uk,Y,5,
Mae,1/18/1993,Female,34078,4650352132222324,sowfurgot@tuel.kz,Y,2,
Lena,7/24/1981,Male,48201,6011772299764959,lezomajud@ilziguf.eu,Y,5,
Ryan,11/8/1998,Female,06521,6257026603492200,ceurueba@mad.sl,Y,2,
Brandon,10/6/1979,Male,95772,4903224800225647,fuspici@jimo.kn,N,2,
Olga,6/19/1987,Female,74684,3528126885650234,fevwozun@vi.ky,N,1,
Jeff,6/12/1959,Male,38091,347570935644637,nol@di.fo,Y,1,
Lewis,1/29/2000,Female,26368,6011892539613574,biesasa@tur.cn,N,1,
Viola,10/2/1962,Female,14886,30007821340543,nihcim@ti.fj,N,2,
Dominic,4/1/1988,Male,46085,6304446507831423,gudpikwid@manem.dj,Y,2,
Lillie,1/8/1981,Female,95378,36970346501572,sirluj@du.gp,N,2,
Emma,1/17/1965,Female,80400,5018476298843153,ostikdi@amo.tk,N,3,
Rosalie,1/24/1982,Female,04952,6378765021602650,ugibej@vazoce.mr,Y,2,
Lou,11/1/1964,Male,38907,346725116632485,hetuwnoh@taj.aq,N,5,
Madge,10/24/2002,Female,57809,4784699824048147,anmes@tozo.ug,N,4,
Helen,3/21/2001,Female,69545,30099213304096,guzajpub@enoted.gl,N,4,
Todd,7/23/1970,Female,71863,5116230948129377,lufobore@nore.kn,Y,3,
Iva,10/5/1974,Female,86902,6011358766904938,gokkohfi@wafcena.bv,N,3,
Garrett,2/23/1962,Male,23323,5610636019244393,it@zosamuc.pk,N,3,
Carl,5/16/1982,Male,71749,4026881782953546,gijno@aj.ga,N,4,
Connor,9/30/1966,Male,64318,5167533286989825,usuodauz@jababedi.me,N,5,
Curtis,12/11/1976,Female,47732,347783787878167,hurivmek@how.edu,Y,3,
Allie,11/2/1965,Female,79815,4903017835917158,etuputrif@nawsuovi.vc,N,3,
Cody,6/5/1974,Female,55806,201487603604394,og@gav.dk,N,5,
Marcus,5/27/1986,Female,19814,5018695582428716,lu@la.ye,Y,3,
Zachary,1/4/1956,Female,37987,4903089230939764,zedojcu@becekuuk.de,Y,5,
Pearl,7/20/1980,Male,16244,201472345670358,nefkid@vahe.dz,Y,1,
Virgie,11/5/1960,Female,10139,6011494837058790,uhidac@um.dm,N,2,
Ray,3/15/1987,Male,53642,3528456037738417,judnu@keg.pw,N,2,
Olive,10/6/1994,Female,43435,5137928837348892,sa@uzdorwef.er,N,3,
Margaret,5/31/1962,Female,22618,6304133091294883,fureno@fiheccot.mq,N,2,
Ruby,12/30/1978,Female,41796,6258958189779775,ir@illouj.nr,Y,5,
Mabel,7/30/1967,Male,70593,30096705775668,azubwib@ja.my,N,2,
Sallie,7/12/1986,Female,38862,201491103478648,ge@ibaga.lc,Y,1,
Emma,9/27/2001,Female,19101,5018489591703339,ronti@ri.km,N,2,
Milton,10/4/1993,Male,42898,6370316110200044,holuse@ca.li,N,5,
Lola,9/4/1957,Female,07745,348951374648447,cildaj@wa.sd,Y,3,
Luella,5/18/2002,Female,22019,5171813336781982,liz@ta.nf,N,5,
Lela,7/29/1989,Male,42382,5610261845525731,bo@fidu.sd,N,5,
Leonard,11/30/1959,Female,87502,6282275608296806,feifenak@sowulbu.gu,N,5,
Ricky,7/16/1968,Male,22738,4151165497812131,tocjemrow@jolsef.to,Y,4,
Harriet,11/7/1989,Male,74813,5610730895227828,ratup@ipamiesa.sl,N,3,
Micheal,1/28/2001,Female,91099,36186347211174,fafmef@heticki.dj,N,3,
Nannie,9/18/1995,Male,90833,5018495420084569,wugbah@uw.nc,Y,3,
Danny,1/31/1955,Male,65395,30010885588395,tizopir@he.jp,N,5,
Nellie,5/20/1967,Female,39257,5610406404402471,de@bedapbu.kw,N,4,
Matilda,10/7/1957,Female,13823,4250675965533217,poftegac@epjapu.sn,N,1,
Hallie,5/1/1979,Female,04222,30063867227193,odoconbe@ewokuc.pn,Y,3,
Marvin,2/22/1993,Male,27492,6011422524479680,gizojfuc@huk.cd,N,2,
Jesus,4/27/1989,Female,10307,5018808246188002,mushu@civa.ng,Y,1,
Hallie,3/17/1956,Female,44860,201442282090837,debiw@didih.om,N,3,
Bernice,10/14/1977,Male,07022,348734360029933,lutsetohi@orizo.zw,N,4,
Vernon,4/28/2000,Male,47482,6334123855122093,bakigcin@vowa.bq,Y,2,
Ivan,5/12/2001,Male,99165,30059126642792,luami@mi.sy,Y,1,
Andrew,9/13/1973,Female,99253,5610848422429491,wik@uf.cl,N,3,
Ryan,6/26/1957,Female,64522,36241089372583,buzu@hejuwdu.jm,Y,3,
Lucy,12/25/1979,Male,02915,6304092108285682,girkicej@no.gp,N,1,
Devin,12/25/1964,Female,84773,36368650203531,maf@kafoccaw.ck,N,4,
Iva,9/17/1957,Male,24034,6011714330357542,zohbar@tajiow.hr,Y,3,
Bobby,10/4/1988,Male,48717,5018033365405265,la@haco.lt,N,5,
Vincent,7/15/2001,Male,04973,6334319214117382,zufmi@ku.nc,N,4,
Jason,6/25/1964,Male,07389,4026423277772394,pe@ipi.gg,Y,4,
Mabel,4/1/1974,Male,98741,4903319584131803,bugdurli@piwefap.ua,Y,2,
Randall,5/2/1990,Female,25256,3528348659928360,tizic@le.an,N,3,
Betty,2/2/1960,Female,17798,5171234140135747,okogemuz@oz.mu,Y,4,
Phillip,11/7/1995,Male,17013,3528452028056190,mifit@kibgetil.sl,N,2,
Christopher,5/1/1960,Male,04224,6011864054185775,ja@him.ie,Y,4,
Violet,12/9/1997,Male,73134,5402529855357514,wubat@bujubeso.np,Y,2,
Donald,6/24/2002,Female,03040,5453471331533616,uzbofoz@zibjudca.nl,Y,5,
Tom,5/11/1982,Male,71434,6304296255613436,gecofe@tebete.dm,N,4,
Leon,7/16/1985,Female,34455,6304010207847335,ke@wiew.kg,N,4,
Cody,5/3/1986,Female,31753,6304182232067450,lomwe@ocvapjuc.ms,Y,1,
Samuel,12/10/1968,Male,74202,6334278490630593,uh@jedav.pm,N,1,
Alma,5/4/1980,Female,72863,6251921011344033,za@fo.na,Y,3,
Jared,6/2/1999,Female,20658,30041184014460,bizoru@mesta.cn,Y,4,
Claudia,4/29/1979,Female,34626,4903269704294959,kaj@pez.pt,Y,4,
Stella,9/28/1970,Male,68930,4844878066612947,bowdejco@zawojje.bn,Y,5,
Jose,1/6/1956,Female,04243,5183323788492852,foped@gih.tv,Y,2,
Randall,8/24/1983,Female,62827,3528399892352454,pi@ricasi.gw,Y,5,
Kenneth,11/21/1973,Female,31036,345445556418656,wejah@ri.gd,N,1,
Harry,7/3/1957,Female,50337,30044914819794,hu@va.bi,Y,3,
David,11/29/1978,Male,54291,6334381434601439,tekhik@im.sx,N,5,
Leon,10/28/1965,Male,84560,6011242418433415,leuwnaz@cemamtog.kn,Y,5,
Adam,9/9/2002,Female,34927,6304110047459539,mewice@mepbungut.kh,N,5,
Gregory,6/21/1971,Female,53901,6334757824566235,buhde@ahawe.ru,N,3,
Sean,7/15/1982,Female,41874,36714364423065,huheun@evi.us,N,2,
Essie,1/13/1987,Female,44865,4903697126730533,wifjivco@cafabi.no,Y,3,
Kathryn,10/12/1987,Male,23776,5610476833751376,natse@wo.bi,N,3,
Lora,5/25/1972,Female,15987,3528465534483302,nolen@vasaldic.ps,Y,4,
David,5/9/1983,Male,94122,4903455494911825,ipbiji@sekhirap.cn,N,3,
Aaron,4/15/1976,Female,61013,6011101451685127,fuhotheb@lap.aq,Y,4,
Eric,1/30/1973,Male,73917,36147017757854,melkohris@itsed.tj,Y,4,
Roy,6/28/1989,Male,46307,343005033106944,is@ne.dz,N,2,
Carolyn,1/28/1967,Male,21276,5610821742899420,gajnefik@ifinihgar.et,N,5,
Bertha,2/27/1981,Male,25722,3528653622437203,oku@ko.pm,N,1,
Nora,10/10/2002,Male,28925,343185993729883,legimo@gif.co.uk,N,2,
Laura,8/15/1973,Male,25405,345281998331359,hig@supko.gd,N,1,
Josephine,6/19/1966,Male,12020,4746408520781135,vonloj@gadolniv.zw,N,4,
Rosalie,11/5/1962,Female,43587,30036472240470,gecva@pem.np,Y,3,
Belle,2/27/1972,Male,07079,4026751301771390,towna@kiscekap.mz,Y,5,
Lura,10/23/1977,Male,86903,201417161777795,raj@ono.fk,Y,3,
Jerome,7/20/1966,Male,20673,6304269605847210,bobnogad@kontugoz.bb,N,4,
Leon,12/2/1968,Male,36252,5132634451135327,popuptof@dele.jp,N,3,
Jeremy,6/17/1966,Male,82622,30086636680962,za@ifpe.lc,N,3,
Allie,11/1/1980,Male,51558,201419803249258,hidoudo@pa.sm,Y,1,
Grace,3/5/1960,Female,28858,6011495876748183,nuziv@iwnati.kz,N,3,
Elva,6/21/1958,Female,93622,6375865233200518,dachoco@oluipamok.bs,N,4,
Susan,4/23/1966,Male,25559,5106389870910386,ipa@tijtotwa.nz,N,3,
Frederick,1/18/1957,Female,92776,36680118953618,ubfaize@veecano.is,N,2,
Christina,10/12/1965,Male,79638,30030800352545,uv@ujadul.nr,Y,4,
Micheal,6/10/1961,Male,85651,6011767527890766,he@linaw.ki,N,2,
Jeanette,2/19/1991,Male,34647,201462342140489,la@es.ne,Y,3,
William,3/8/1955,Female,88473,6011699629158042,wa@gaejulup.tv,Y,1,
Marion,1/25/1957,Female,34038,348488623412556,jisbi@seraza.sa,N,5,
Calvin,11/30/1995,Male,04051,6011342682539325,kegva@butvir.ml,Y,5,
Leroy,6/29/1972,Male,60632,36972792009894,itueraab@ca.my,N,4,
Erik,1/26/1985,Female,48585,3528249521291310,elawu@tihe.my,Y,2,
Lillie,11/22/1973,Male,10612,6011326270784963,hitifko@li.sb,N,1,
Phillip,6/21/1969,Male,46501,5610493374145629,gaofa@uno.cw,Y,3,
Sally,5/19/1958,Male,24070,3528375519484854,as@zigre.lr,N,3,
Ellen,9/12/1961,Female,28508,4903492631741922,safposco@zovgo.nf,N,1,
Olivia,8/1/1975,Female,05253,6304734808696433,tet@lih.be,N,2,
Luella,2/8/1985,Female,45346,6011756066994550,la@jeip.br,N,2,
Theresa,10/23/1990,Male,27051,201429229073224,vodumij@dumuwat.ls,N,3,
Alfred,7/12/1975,Female,31442,341058448210316,ahizel@zovkof.sx,N,2,
Jared,11/12/1982,Female,01250,6287735673206415,vimpuhcic@febu.ac,N,4,
Martin,11/23/1995,Female,39786,3528186500052802,itesacag@pusavjaw.ma,Y,2,
Nell,4/15/1987,Male,72634,30037537783231,epgikral@if.ls,N,5,
Adeline,11/21/1968,Female,43702,4038058905360943,sewsodil@wag.no,Y,4,
Mae,9/16/1983,Female,71023,5435654967315795,foho@usecofre.ar,N,1,
Marion,10/18/1992,Male,81602,5018287392089498,hov@lohu.pg,N,4,
Florence,11/6/1981,Male,87652,6334318699930533,rugcudke@saceme.gs,N,4,
Shawn,7/4/1996,Female,42354,36017470235112,zabgiwu@ofegonawi.fi,N,2,
Thomas,1/18/1990,Male,08587,5610272166619706,ge@we.au,Y,2,
Violet,9/1/1990,Male,00130,5418213785881792,vofiha@ho.cm,Y,2,
Iva,7/19/1989,Female,00528,5400938270599075,manhomi@bola.cg,Y,1,
Carolyn,9/11/1983,Female,80563,4026628572743672,vo@osoefofa.gr,Y,1,
Lucy,2/4/1991,Male,87339,6011118167753734,tecvitna@es.mv,N,2,
William,7/7/1985,Female,03327,6011398514233123,jon@eta.bg,Y,5,
Craig,2/16/1965,Female,59276,201475565393221,dedwu@vibih.br,N,1,
Warren,7/25/1977,Male,24830,4026244983697133,bunis@bucipled.re,N,4,
Jorge,5/22/1981,Male,51149,5499393180837359,mamekbu@nehuac.tv,Y,5,
Cordelia,4/25/1991,Male,08998,3528172427156736,dabodmer@sekid.mv,N,1,
Tom,7/6/1957,Male,81308,6375931013671763,evo@jir.vi,Y,5,
Lena,8/11/1983,Female,33778,6230623107363218,pebecjit@fiuja.ma,N,2,
Earl,11/9/1964,Male,52119,6304998493345024,icuca@apafu.vc,Y,5,
Lee,9/24/1988,Female,97475,201422599192708,wu@lucik.tk,N,1,
Martin,5/21/1992,Male,72858,5154003347228931,ulji@mahpafa.mp,Y,1,
Kate,4/9/1981,Male,12592,4026715545016565,luci@gi.zm,Y,5,
Alberta,8/20/1990,Female,48168,30028392828229,ridizo@zebir.ee,Y,3,
Catherine,4/27/1986,Female,63267,3528100584018001,ciug@di.ck,Y,5,
Leo,4/6/1995,Male,71452,36198169053287,futekme@pof.np,N,3,
Micheal,11/30/1962,Female,95107,4903649724976067,opha@paf.ge,Y,4,
Ethel,6/26/1996,Female,66369,6250948607128653,agijmo@nuti.am,N,1,
Stanley,8/25/1999,Female,62921,6371797022050636,jokic@hitraw.as,Y,3,
Isabel,2/23/1989,Female,11797,6334669819218633,mac@segdu.sk,Y,3,
Joshua,2/12/1988,Female,85230,5610768507974874,kumdesoro@sow.uz,Y,4,
Harold,2/9/1957,Female,39704,6304642166246131,ad@mobfebwid.pn,N,5,
Bernard,11/2/1980,Male,50239,3528218865092246,ro@awujujot.ci,Y,5,
Alan,6/8/1990,Male,95333,4273773448885735,ze@cibte.bh,N,4,
Estella,4/2/1969,Female,34579,201440657191297,wehuole@bubih.tw,N,5,
Amanda,1/17/1972,Male,17205,5143083043167363,ita@gi.bq,Y,2,
Jeremy,3/3/1998,Female,66484,3528154089736047,ni@pud.cl,N,2,
Cordelia,6/10/1974,Female,61696,5436540264415363,hozlo@ri.ae,Y,5,
Oscar,9/16/1998,Male,31522,201445627522729,de@bonhu.pe,N,1,
Georgia,5/29/1997,Female,47644,5412335902618025,vi@ubzalaza.dm,Y,4,
Alta,8/7/1978,Male,44828,3528292588633784,af@us.dz,Y,4,
Gussie,8/12/2002,Male,52205,201431861765182,zi@vuineti.bs,Y,4,
Grace,6/18/1969,Female,88311,201485477311542,deh@adelji.bn,N,5,
Austin,1/27/1963,Female,08419,5018521111351288,arjilef@mahpuapo.im,N,3,
Jackson,6/28/1965,Female,99687,5018108153517537,pe@jaf.ro,Y,5,
Keith,8/28/1999,Male,47038,201426698889031,din@mer.fi,N,2,
Marion,3/29/1981,Female,78109,6334726477850618,igi@jadbu.cv,N,4,
Lilly,12/11/1983,Male,62401,4026129532931226,su@muarama.mm,N,2,
Carrie,9/21/1969,Male,03516,30080342694912,koni@evuohe.fr,Y,4,
Blanche,1/16/1965,Female,14531,5125875474828997,hof@kaszofbu.se,Y,5,
Allen,6/11/1957,Male,67077,4595534954971165,vatfic@ehkomo.co,Y,2,
Eleanor,1/13/1965,Male,64666,6304344098907977,zo@liihne.cn,N,1,
Mabel,11/30/1970,Male,04773,5492567035530742,ga@lagihib.na,N,1,
Gregory,8/22/1995,Female,08889,4026604541689684,luro@elobse.lk,Y,4,
Cody,2/1/1957,Female,83606,6304534937231452,suke@ohuvugo.cy,Y,5,
Nina,5/31/1990,Male,85489,30029030776655,afgo@zukafbuh.sz,N,2,
Aaron,10/22/1965,Female,93725,36589787508886,vois@fiswuw.vi,N,3,
Clifford,7/7/1957,Female,04606,30066028244494,pobnev@lekrebu.co.uk,N,5,
Maurice,11/21/1997,Female,62735,201414792268476,hifite@fofuso.dj,N,2,
Alejandro,1/8/1984,Male,17745,347674524762782,osa@zubdemme.cl,N,3,
Robert,4/15/1971,Male,14289,201441276963850,igocew@bev.gn,Y,4,
Eva,12/12/1981,Male,93297,201471535589873,funjakar@odus.ky,Y,4,
Justin,6/30/1980,Female,21399,5610858581446921,ub@beh.dk,Y,4,
Elijah,2/23/1970,Male,88782,347144752902112,me@vusase.br,Y,4,
Celia,12/14/1988,Female,98365,341899356343098,tof@sibteh.org,N,1,
Eva,2/2/1982,Male,19625,5018202511824550,ihaitolut@bu.at,Y,1,
Lena,10/12/1995,Male,47194,36234493940525,abumu@leseij.sc,N,1,
Jeffrey,10/26/1984,Female,07045,344260751150504,suhviun@mute.td,N,2,
Adelaide,6/22/1998,Male,17163,6228210747551784,mozuvkid@uriwob.lr,Y,1,
Rebecca,8/2/2002,Female,91884,6372981999292004,je@mig.id,N,1,
Harriett,1/16/1979,Female,38728,343303902717358,rezzascim@negkabses.mc,Y,5,
Esther,6/5/1956,Male,29544,201434857849762,zog@befizto.bs,Y,2,
Tillie,6/29/1957,Male,45710,5610100860916617,kaijiat@uzijeluw.mn,N,2,
Martha,9/25/1957,Female,38364,201407907019008,tike@fijo.ky,N,5,
Cynthia,7/22/1991,Male,86185,4026875483193006,ca@sed.nu,N,5,
Eugenia,2/4/1973,Male,69389,30022623663752,eroho@wo.lv,N,1,
Elijah,6/13/1995,Female,64614,6334679949136324,wo@kubin.gh,N,1,
Barry,10/12/1992,Female,45130,36833659310165,igaerdo@vagal.ck,N,3,
Lee,11/14/2001,Male,77997,4903246072367625,we@ozi.gs,Y,4,
Victoria,10/25/1987,Male,75632,201401532873137,jemomiula@ewore.sk,Y,3,
Lola,1/8/1974,Male,92931,6274539729712409,ka@baibolur.cd,Y,5,
Ray,10/19/1958,Male,43343,201426009641139,as@jevzewez.gf,Y,4,
Ella,8/1/1961,Female,08532,30076872799113,fifozrap@gemu.hn,N,4,
Nina,5/9/1968,Male,57068,5610964424101739,emno@fied.zw,N,2,
Genevieve,2/11/1981,Male,53649,36789910780952,villersi@kuprof.mx,Y,3,
Jay,2/19/1964,Female,81086,3528938132117241,efuala@kav.cn,N,3,
Jorge,11/28/1988,Female,43474,5468699814190503,lubor@ifkum.lb,N,3,
Marvin,7/21/1983,Male,57962,4026587518952864,awvosa@sejunve.gov,Y,5,
Trevor,10/14/1977,Male,18031,4903024625909270,meacu@ha.ai,N,1,
Warren,6/15/1966,Male,36665,5018895356682601,cemcir@wassuhsog.ad,N,1,
Ollie,1/13/1996,Male,81721,5610367297103701,ujloocu@ojehim.sc,N,2,
Mike,7/19/1962,Male,16428,5018014740663844,ru@sidar.by,N,4,
Jack,3/26/1999,Male,91455,36283506300227,wimboozu@naz.ca,N,4,
Ada,11/26/1995,Male,26216,30076171890431,oni@el.com,Y,3,
Mamie,7/25/1993,Female,01529,36168882761862,worak@bun.no,Y,4,
Maggie,9/8/1998,Male,44272,6304578291931793,elbavbav@gosom.aw,N,2,
Amanda,10/22/1958,Male,96317,6011182099415838,joh@suemi.td,Y,2,
Emma,5/17/1981,Male,02052,201415770801360,foncopeb@hif.py,Y,5,
Jeremy,6/2/1973,Female,19834,5018098252974574,cib@fasedo.mw,Y,4,
Caleb,5/6/1994,Female,58387,4903444828773697,cuj@nak.sk,Y,4,
Steve,6/21/1959,Female,88572,3528872021463954,caso@afzig.ro,N,3,
Seth,12/25/1995,Female,71871,5471191812055149,gobvid@nivhad.la,Y,5,
Virgie,5/21/1968,Male,03657,6379225473494360,ruw@zejmi.ph,N,4,
Jeremiah,3/24/1992,Male,73446,4026132901150840,ludoj@zi.lu,N,1,
Leah,5/24/1996,Female,13898,4026097148195116,gubbipso@turmomtu.uz,Y,4,
Adrian,9/9/1990,Female,37985,6334368333144165,vikvorip@tewib.iq,N,5,
Craig,8/11/1962,Female,66524,4122946681217344,illu@ifuare.ro,N,4,
Celia,10/17/1956,Female,42197,5146965042436285,zutzol@diot.mo,Y,5,
Georgie,12/8/1971,Male,13870,36580503848870,jevwu@gaida.cr,Y,3,
Mayme,4/22/1981,Male,30171,4903265738793354,cikulizo@focilef.no,N,1,
Sara,5/2/1973,Male,77267,4903897267819067,roj@ziuki.ie,N,4,
Maggie,4/1/1959,Female,07097,5148306415290538,dimojbo@wadak.ms,Y,4,
Wesley,4/13/1969,Male,73657,5018138660082261,om@degvefe.sx,N,5,
Robert,4/12/1970,Male,34818,5149834928234973,em@wazmila.jo,Y,2,
Lura,2/21/1993,Female,94342,4903066657139508,ge@muwvu.ms,Y,5,
Joel,10/31/1979,Male,72570,4026209473904703,uso@feva.su,Y,3,
Ivan,4/14/1981,Male,33778,6276322205122569,ijav@vu.ci,N,4,
Fannie,10/4/1989,Female,33738,201463616744295,renoro@kecako.kn,Y,3,
Frances,4/25/1980,Female,23468,5463337954515305,olwesu@parotpaw.tw,N,5,
Scott,11/16/1985,Female,52035,201496455202868,tezgeho@wilbalop.sb,N,5,
Lottie,5/9/1960,Female,49851,4903356945955587,gijjo@pesgus.uz,Y,3,
Chris,4/18/2000,Female,05255,5018876273127367,segca@bi.gg,N,3,
Bertha,5/16/1997,Female,43183,5018060364056260,dot@lewanup.am,Y,1,
Tillie,6/10/1963,Female,68703,6011660617460394,mew@job.edu,N,4,
Maud,5/30/1977,Male,16672,36697276748028,riewazig@ud.dz,Y,4,
Edna,4/17/1988,Male,30526,4013473628861953,he@tan.kn,N,1,
May,1/27/1971,Female,05495,3528832688464893,hoksise@ijo.ua,N,1,
Trevor,6/26/1970,Female,96236,3528442008610611,urisu@onimo.ba,Y,4,
Ruth,4/5/1976,Female,30479,3528601815771391,ulboni@rahu.dj,N,1,
Luis,8/2/1992,Female,29896,6373907133934259,mebifi@sihlezoh.iq,Y,4,
Luke,7/4/1965,Female,00003,6217265118908925,re@bu.no,N,2,
Maggie,5/13/1957,Female,04430,4026403975335884,jemetivel@ifo.cz,N,3,
Iva,1/31/1970,Female,78632,6334085472509640,ba@suusita.al,N,1,
Brett,7/20/1975,Male,58148,5610652236890561,nuga@berhed.ag,N,1,
Katherine,10/23/1970,Male,49709,30093974122854,hias@met.vu,N,3,
Virginia,10/31/1963,Female,06182,4026632386961314,waik@ebi.net,Y,4,
Ola,6/4/1991,Male,69346,6245330190030893,lutpet@nid.nl,Y,3,
Ruth,2/22/1992,Male,75608,5018282065103833,godla@negop.org,Y,1,
Phoebe,12/10/1990,Female,16384,4026496196458667,erbaapu@ri.mh,Y,5,
Marian,11/10/1970,Female,57422,6304474912885362,efirud@ru.km,Y,4,
Ruth,7/6/1961,Male,70123,5170226199794771,oce@zar.pm,Y,5,
Sue,8/11/1989,Male,23725,3528262538086409,mamaw@dulalek.af,Y,3,
Birdie,3/3/1966,Male,09828,6334832681756623,nasgukva@lalpotun.az,Y,3,
Tony,3/6/1967,Male,90621,5441018867300996,epho@sohso.cw,N,4,
Willie,10/7/1991,Male,00632,201497655987274,seilo@is.yt,N,3,
Jessie,2/24/1991,Female,85783,6011456716799802,le@bo.cl,Y,2,
Kevin,5/5/1970,Male,36267,6334857594808740,olgo@kaurisij.kh,N,4,
Leo,10/3/1981,Male,06208,6334306554126479,ehovegna@ro.pm,N,3,
Martha,8/17/1988,Male,90177,201461697444439,dagvu@fo.io,Y,3,
Walter,11/26/1997,Female,45506,6304832147562751,jajge@ujbajew.co,N,5,
Minerva,6/2/2000,Female,61598,6374438613547402,joile@wuwahmib.tt,N,5,
Nellie,6/20/1995,Male,81986,347038251559342,ufuidedu@roja.bz,N,2,
Jonathan,4/1/2000,Female,65185,5610570142068140,sugpad@sisekab.mn,N,2,
Lura,5/28/1962,Female,03953,6248158614768914,vocjuho@ujo.za,N,3,
Tom,12/17/1993,Female,84263,4234660053272366,pufji@keajha.ru,N,3,
Maurice,10/7/1976,Female,98910,6371637249671279,gavahgi@gelzeug.nr,N,4,
Isaiah,7/10/2000,Male,68661,5610937868053277,jijinfiv@fiwpe.kz,Y,5,
Ina,7/8/1966,Male,83438,5018796977729880,vivuktah@viifa.ch,N,3,
Elmer,2/1/2001,Male,84335,36674366453413,fig@puluzor.org,N,3,
Lura,9/22/1973,Male,87356,4026779143766914,bututo@jaomi.qa,Y,1,
Leroy,3/8/1957,Female,98332,4517657057813953,kovdo@opbo.jo,Y,2,
Darrell,4/22/1979,Female,56311,6374858881900704,de@uh.uy,Y,2,
Claudia,2/21/1967,Female,45755,36257497793996,mutoh@jigfin.no,Y,1,
Virginia,2/17/1978,Male,47628,6011760263622501,gotukifil@wigcad.ee,Y,1,
Jeremy,3/13/2001,Male,06643,36423481417485,ko@ihe.cg,Y,5,
Joel,4/1/1976,Male,94615,6304591804436150,ka@vevuwose.ws,Y,2,
Keith,11/15/1979,Male,80717,6334441726638380,tunor@uwuwirham.bm,Y,4,
Andrew,4/15/1998,Female,56747,4122385426855276,dodvobte@vievnum.eh,Y,3,
Rena,11/30/1979,Male,78740,6334640075697489,mesom@bo.mu,N,2,
Andre,6/11/1984,Male,84107,6334909551574862,vevculu@jofjoil.lt,Y,2,
Pauline,10/15/1971,Male,11250,6304531505832901,oc@in.li,Y,4,
Myra,12/16/2001,Female,23859,5018188893614711,vurreuhi@gewom.zm,Y,4,
William,3/4/1997,Male,80550,6334497798937589,lenivob@soksepca.ir,N,5,
Ralph,1/1/1964,Female,09578,5018190152915581,so@gubiaha.ag,N,1,
Emma,9/13/1988,Male,32169,36994706837699,sarag@hil.za,Y,4,
Henrietta,9/23/1980,Male,92521,6375805596875134,taaka@lisaga.vn,Y,2,
Martha,1/24/1969,Female,56927,5610042208835747,ruub@pubu.ir,N,1,
Martin,11/8/1970,Female,72631,5610527842036512,ko@namfo.tr,N,1,
Nathaniel,4/15/1984,Female,62509,4903064731319873,dum@ucopo.ie,Y,1,
Callie,5/17/1984,Female,85188,6304389055984345,numewedi@gobavi.ch,N,4,
Estelle,6/5/1959,Female,64644,30092835580219,pihe@ezle.md,N,4,
Hester,8/8/1984,Male,16310,6011882008306073,asnolwoh@keko.sx,Y,1,
Louisa,2/3/1976,Male,17207,4903083899332486,how@dicza.iq,N,3,
Charlie,6/22/1998,Male,33838,6011777973272591,tortulma@zadesvi.sr,Y,4,
Flora,2/8/1966,Male,73841,344968360451580,umfaudu@to.sb,Y,5,
Henrietta,9/23/1990,Male,60037,201419808891807,viwomo@we.ec,N,3,
Sophie,1/23/2002,Female,93664,343379595324256,ji@rad.mw,N,1,
Nina,9/15/1997,Female,43200,5610169291327108,lamubug@bedad.pn,Y,2,
Polly,5/24/1972,Female,44961,349252649706907,ozaeviih@ut.bb,N,3,
Cynthia,4/25/1960,Female,37682,5610911347399478,dopupuk@ujsehcuf.su,N,1,
Leila,11/24/1968,Female,84879,30096993677253,upolu@cezsowo.ai,N,4,
Mattie,1/12/1972,Male,48359,5186502663168938,segow@hohum.gr,N,1,
Mark,2/27/1970,Female,70382,4811441194940653,gen@midpus.ca,Y,2,
Lois,5/21/1968,Female,87674,5176745781297210,upcocjo@ezza.cl,Y,5,
Lenora,9/23/1957,Male,41761,3528128106217199,aluhug@iwkov.dm,Y,2,
Joe,7/1/1994,Male,95028,3528419800219593,ci@dancooho.tm,N,2,
Daisy,8/5/1985,Female,07896,5018027065494488,saje@mile.va,Y,3,
Luella,3/30/1981,Male,08070,5455228110188162,kozja@uzra.za,Y,4,
Steven,3/21/1997,Female,51188,6304613407629690,siok@fivuz.sx,N,1,
Adele,12/18/1957,Male,55613,201432989607090,zopo@vil.pf,Y,4,
Tom,1/9/1979,Male,54883,5610075767093217,umimo@ukliicu.de,Y,2,
Chester,5/7/1956,Female,28250,6334840978221490,epoku@vup.cf,Y,1,
Christian,9/24/1967,Female,41299,36318567103878,odwo@malhaco.ao,N,4,
Milton,10/22/1973,Female,48089,6245293899728367,lew@ipjupo.sn,N,3,
Ethel,9/13/1975,Male,77877,6304375051165195,hugju@ac.gw,Y,1,
Jeanette,3/28/1971,Male,90066,5467346774416541,temupmun@guhud.bn,N,4,
Esther,2/7/1956,Male,56623,4814609530317730,ame@gi.td,Y,5,
Cora,11/12/1956,Male,26427,6304490692223988,cupzaw@te.ly,Y,1,
Travis,11/22/1962,Female,22373,5158776131891495,ne@mow.dj,N,1,
Dean,9/21/1986,Female,21288,6304539774210170,hi@madcac.ci,Y,4,
Bertha,11/16/1965,Female,40728,5610782914231976,vehapa@sorriw.td,Y,2,
Barry,9/23/1995,Female,97056,4009374645814296,vakoj@dopfeb.lv,Y,2,
Hester,10/9/1996,Female,93140,5166572656098875,mop@zelopmek.fi,Y,5,
Eliza,1/27/1986,Male,53405,4903460607402860,kobufviv@obi.no,N,1,
Alan,4/16/1991,Male,80785,4903205862556185,rocnicju@se.so,Y,5,
Belle,8/27/1984,Male,80204,5410692724123135,miiri@vo.an,N,1,
Evan,6/11/1990,Female,92227,6370830144207239,zihnumdoj@egah.org,N,5,
Cole,5/24/1964,Female,30973,6233624788000480,azde@noje.fm,Y,3,
Hettie,12/8/1977,Male,40174,5107882764646479,osvazub@dihlatguk.cm,N,4,
Leah,3/21/1956,Male,41716,6011021917000770,rikgaafo@tezujfug.kr,N,3,
Gavin,3/1/1981,Male,54664,5018784067492494,hod@vahti.td,N,5,
Ophelia,3/5/1963,Female,56214,201421716404111,sasuja@kifberuv.la,Y,2,
Daniel,5/14/1959,Male,93850,345820331922505,fahnur@voporo.fk,N,2,
Ethan,2/27/1989,Male,03062,201436481664228,lafe@lofjof.gn,N,1,
Evelyn,7/21/1968,Male,78397,347163165092998,hunij@ke.et,Y,1,
Carl,5/10/1998,Female,29048,36409675980966,furem@covuke.nr,N,2,
Emma,6/18/1991,Male,98612,340393765739790,tajcicse@umaida.ax,Y,4,
Agnes,5/21/1973,Female,78127,201419654333714,icloane@ducozcug.in,Y,2,
Raymond,6/10/2001,Female,83945,3528379933469202,laklovdit@wih.ws,N,5,
Fred,2/5/1967,Male,58472,5499730171586893,poccoraf@miahuip.cv,N,2,
Jerry,2/8/1976,Male,90923,6304286047228684,edo@pofuk.hn,Y,2,
Willie,11/7/1990,Female,99906,5018583354498440,zidinpe@rorsukoc.bw,Y,3,
Harriet,6/2/1976,Female,82346,4026757197729491,bogfim@bisol.td,Y,1,
Sally,11/10/1972,Male,40752,201490950306449,kodhun@et.sl,Y,3,
Samuel,1/11/1986,Female,15530,36025008876893,doreteg@punugom.tt,Y,1,
Luke,11/7/1984,Male,16374,4002544340615811,jetemo@usezu.de,N,1,
Julian,9/8/1981,Female,73636,6282034791106623,vo@joc.mx,N,3,
Lou,4/23/1988,Female,83757,36543248488386,lez@wilipupab.cc,N,1,
Hulda,1/2/1990,Male,27666,342256696320519,zu@puabi.tt,N,5,
Cory,8/26/1999,Male,38281,3528112275959310,pojumuk@ci.fi,N,4,
Raymond,10/22/1982,Male,60461,6334407132225948,pihut@ci.cr,N,3,
Clayton,3/9/1956,Female,36099,341791442000784,hi@secijmep.sj,N,4,
Isaac,12/29/1966,Female,95641,36455539739452,rezcid@ma.vn,Y,4,
Essie,12/9/1957,Female,01006,5173139274024997,lije@cep.mc,Y,5,
Connor,11/11/1987,Male,69304,6011223264741549,dumbulo@sus.ws,N,1,
Franklin,12/28/1983,Female,42361,4026864148559074,owjoiro@riwonat.eu,N,2,
Nettie,3/26/1964,Male,09556,6212828050822944,cuciwaw@ni.as,N,5,
Evelyn,8/12/1956,Female,11141,4820731285648192,ura@izsak.nl,Y,1,
Violet,3/3/1975,Male,34282,36920416073325,tat@nuh.bq,N,5,
Ivan,1/16/1981,Male,44677,345533242689150,tafi@hagrahu.an,Y,3,
Landon,2/3/1987,Male,97658,6371701506369132,neika@nemevore.cc,N,1,
Nancy,9/2/1979,Female,51910,3528923531871945,le@vuptehir.hn,N,5,
Howard,4/10/1998,Male,71427,30076133791073,hauluni@nev.ci,N,2,
Jared,5/31/1958,Female,72790,6299675591822149,ip@ko.cn,N,1,
Thomas,7/27/1971,Female,17573,3528810019507176,bublohte@wutozuzuz.com,Y,1,
Milton,7/9/1984,Male,90330,3528851967589782,worohli@bapesre.ca,Y,2,
Winifred,5/20/1991,Male,96016,5407345988839558,ni@umorisgo.zw,Y,1,
Chase,2/12/1965,Male,92844,6011870763808102,japupu@zo.bq,N,5,
Garrett,2/26/1980,Female,55113,6011432635810327,dohseltah@ozeuwlo.kr,N,5,
Ann,12/11/1990,Male,21115,6334092559315859,juzmihju@udoke.sd,N,5,
Lily,8/26/1985,Female,96472,5018420525081575,pucbik@ce.rs,N,4,
Jesus,3/23/1991,Male,58416,346019832889581,dob@wiwnokub.io,N,4,
Andrew,7/18/1976,Female,67671,201433743464364,woh@nohiphus.gp,Y,2,
Oscar,11/29/1972,Female,23142,6011185598368234,ozlu@noz.so,Y,1,
Tommy,7/16/1972,Female,96458,5169490122768244,nuc@cu.dj,N,2,
Eva,12/28/2001,Male,59313,36359211667173,dibvov@omi.fj,N,5,
Lester,7/21/1969,Male,07378,6011163263971152,uzuceh@ve.tz,Y,4,
Ray,4/17/1994,Male,18895,4996831434266066,rolle@debok.ru,Y,5,
Jerome,1/21/1988,Female,34625,36816600804790,fapzij@nimese.tn,Y,4,
Rose,6/13/1985,Female,38432,5172886632316199,hitub@fehpovgal.lc,N,5,
Dollie,2/11/1968,Female,26495,4026187409597710,hovtudkus@sopfiv.jm,N,3,
Winnie,10/9/1978,Female,80118,5195251649510131,hihapa@afugildu.gf,Y,1,
Clayton,12/15/1974,Female,82310,5192724097330254,ko@inoez.sd,Y,4,
Seth,11/11/2002,Male,40541,4026319996136061,kuegitem@lacas.mc,Y,4,
Nina,7/18/2000,Male,06340,5417295914932068,lam@unufgiz.si,N,1,
Gordon,5/25/1982,Male,89221,5610301976882715,kew@sotti.dm,N,3,
Hattie,1/10/1978,Female,72346,6371779760679248,pu@ni.vu,Y,5,
Mamie,2/13/1966,Female,95587,4804752117397923,nob@le.mr,N,4,
Bertha,12/27/1956,Male,51834,6011800559096695,elazumom@ri.mh,Y,4,
Francis,2/25/1978,Female,62364,30041427266984,saum@jijumfo.fm,N,4,
Adrian,7/2/1976,Male,07982,5610043662928457,kob@ren.ug,N,4,
Virginia,7/26/1994,Male,85031,6334991734802436,zazehfef@viuw.bg,N,1,
Stephen,2/4/2002,Male,95667,5489846506042246,se@tonco.be,Y,2,
Myrtle,5/21/1983,Female,55702,36578052540468,vewamo@rise.sd,N,4,
Stella,7/15/1965,Female,31595,6011290546624215,taturhe@ti.rw,N,3,
Clarence,2/28/1969,Male,45842,36265717429499,ramcolfe@larome.do,N,3,
Victoria,7/8/1978,Male,67010,5018428539217341,wu@ko.nl,Y,5,
Tommy,7/24/1957,Female,98753,6372068968994719,tojniw@juvven.lb,N,5,
Carrie,1/19/1973,Female,65186,345836766685102,wu@liw.sc,Y,4,
Katherine,11/22/1979,Female,19281,6011883887668229,zi@ma.fr,Y,5,
Luis,2/7/1984,Male,26728,4493380233789322,ilfu@ka.zw,Y,5,
Samuel,4/22/1998,Male,07910,36081895689980,dunic@meuzi.gr,N,1,
Sean,6/1/1999,Female,37511,4921165819954685,idaamolu@pimimek.nc,N,2,
Marc,10/1/1962,Male,09810,4026864282678722,waiwirav@apiwurpiv.ae,Y,5,
Mattie,8/31/1984,Male,87151,5101841637890447,oduijdej@mige.hm,Y,1,
Lina,2/12/1994,Female,78546,5018633357578696,rahajlup@tobo.as,N,4,
Susie,4/14/1974,Female,08212,3528605917616735,cushev@zah.dj,Y,3,
Estelle,1/2/1988,Male,79203,4903388304426116,heznin@irrogcag.je,N,1,
Jason,2/5/1955,Female,00679,201464339188356,kajif@ed.me,N,1,
Addie,8/31/1989,Male,86696,5427342887703585,nowita@pu.ni,Y,5,
Kathryn,12/13/2002,Male,36177,5154420572537226,naso@voffis.lt,N,1,
Nannie,7/16/1974,Female,84571,5457498995234385,romo@de.bm,N,1,
Katharine,2/7/2002,Female,92626,201418431240168,kin@reno.ne,Y,1,
Callie,3/20/1968,Male,08141,30010141485238,gap@ani.bg,N,5,
Lois,8/17/1973,Female,19481,30062415520059,wubid@dacze.mt,N,4,
Harriet,6/30/1964,Male,22081,6011590474296062,se@ta.tf,N,2,
Florence,5/25/1960,Female,07094,4440939422475615,aruri@mag.bq,Y,3,
Ora,12/8/1956,Male,12458,6334908827716786,ci@jeradni.co.uk,Y,4,
Alta,7/19/1992,Male,32782,36602931533443,uzejon@isjetfi.kp,N,2,
Kyle,4/24/1960,Female,54759,6011023539536454,unize@zidwizug.cu,Y,5,
Michael,10/26/1959,Female,72350,5419090069738214,di@huzsaguze.vi,N,2,
Miguel,5/30/1980,Female,33112,36916682661058,bokkut@jesken.pr,Y,5,
Helen,9/23/1969,Female,22330,5120378378116150,cu@kulze.cw,N,4,
Olive,11/1/1957,Female,92382,4461131479317437,izunabaf@wa.jm,N,4,
Lester,6/9/1980,Female,77158,201424913538616,mi@opimujwe.gl,N,3,
Keith,3/16/1998,Female,04954,4903196274067673,sotfub@oki.hu,N,4,
Fanny,11/13/1985,Male,77781,201497953657934,ipadulik@jehworek.pf,Y,4,
Michael,7/25/2002,Male,56414,4013157348781191,ra@zer.ga,Y,3,
Bobby,2/12/1973,Female,68927,6334032814533557,nadu@mi.gu,N,1,
Max,10/6/1973,Male,06486,6011999263144682,du@ha.kr,Y,1,
Philip,5/27/1998,Female,83442,5018759215226978,ik@buw.pk,N,3,
Cordelia,11/23/1965,Female,23716,5482983569353082,uvehuevi@jata.mh,N,3,
Harriet,4/30/1976,Male,43973,3528223072796712,ecdumur@riksu.io,N,2,
Celia,5/15/1970,Female,87797,4903122229538501,zamuni@menowo.gs,N,1,
Duane,4/24/1956,Female,87344,347476307429054,unlu@ifgitel.eh,Y,2,
Mildred,4/15/1999,Male,94667,5483353082700244,elumivij@je.zm,Y,2,
Della,7/10/1963,Male,44359,5111926255416530,jed@hociljok.zm,N,4,
Kyle,11/29/1969,Male,88126,4828029584103965,nub@roipna.tf,N,4,
Josephine,9/24/1966,Male,33132,4026093564203690,sefiw@kah.tl,Y,5,
Justin,1/28/1995,Male,34901,30029831774495,dasus@kihi.tn,Y,1,
Edward,1/21/1957,Female,15459,5193929784422715,cihoza@tocared.de,N,2,
Della,2/16/1991,Female,62894,3528863988625347,tompu@ab.qa,N,1,
Cecelia,4/27/1997,Female,76785,6334995093201692,molimeh@mata.ws,Y,3,
Edith,1/2/1995,Female,75997,5431481577865587,gu@rid.se,Y,4,
Leroy,1/16/1968,Female,99283,30015415698101,vugiw@imuwenra.au,Y,1,
Edna,5/12/2000,Female,39127,5448443012876661,lo@bow.bw,N,1,
Johanna,8/15/1960,Male,52692,201464385078659,bujarlek@kubna.cn,Y,5,
Bertha,1/23/1971,Female,67225,5610815514487455,tugunu@fijbidhu.pr,Y,4,
Jack,10/25/1969,Female,21772,30055639215548,toldut@panpupa.gu,N,4,
Nettie,1/23/2002,Male,92104,6011324689329157,ez@doki.ua,Y,4,
Sean,8/31/1968,Male,59553,6304924062583654,heladim@uzizakiw.tk,N,4,
Theresa,8/11/1974,Female,82146,6373779271711595,zavnod@lut.ne,N,1,
Steven,5/17/1978,Male,42254,4592631937181061,od@fotel.co.uk,N,5,
Marguerite,10/29/1987,Male,07496,4903962673591013,foh@sipo.sn,Y,3,
Eva,5/1/1993,Female,05414,5610889383022305,sot@zorhi.ps,Y,3,
Jeremiah,4/8/1992,Male,49496,30090108436754,sivkoj@fepju.et,N,5,
Abbie,1/2/1973,Male,40396,30056835188307,hitla@oheiwja.ao,Y,2,
Ronnie,5/6/1967,Male,15168,36842960691395,ihohem@zosa.cd,Y,2,
Gussie,4/6/1974,Female,29683,5018510946308696,dipku@pogga.br,N,1,
Myrtie,6/6/1983,Female,76572,343821765066621,paf@vetovif.va,Y,5,
Anne,4/9/1988,Female,50582,5453548798797006,idzejdo@tihiku.bf,N,3,
Beatrice,9/20/1983,Male,38738,5610752040555291,we@bati.ie,Y,1,
Bernard,10/22/1958,Female,25306,5018916848964868,bor@ej.sh,N,2,
Lily,9/14/1961,Male,76105,6225090559535098,puten@rin.edu,N,1,
Cole,3/9/1965,Male,56315,30052657607425,tolrelul@dawtajwa.yt,Y,2,
Brian,4/23/1993,Female,20225,342187161725371,fervu@acuj.ro,Y,3,
Lola,10/6/1997,Male,17928,4026124044484228,vojsa@migcir.ba,Y,5,
Lester,2/8/1965,Female,09204,5018626400371325,ma@roka.mz,Y,5,
Jayden,8/16/1956,Male,93483,6304719651293685,pebkid@waafiba.cd,Y,4,
Nathan,5/21/1970,Male,36653,5456564298283071,gime@jiot.km,Y,5,
Elijah,6/7/1994,Female,97159,5018702844966895,womucap@muz.mv,Y,5,
Sophie,8/12/1994,Female,36770,3528924492127392,witob@cu.ch,Y,2,
Mitchell,2/10/1975,Female,74884,4026110830740980,tevedre@tuogja.bm,N,2,
Harvey,12/19/1963,Male,38039,6334581392583129,iz@keebagi.us,Y,5,
Isaac,6/21/1963,Female,09598,5430898879257547,tapetun@pi.cx,Y,1,
Sam,9/15/1956,Female,28496,6011208199449938,veeli@kasifo.us,Y,1,
Danny,4/4/1967,Female,51227,6304570128090927,iz@ka.ec,Y,4,
Edwin,1/28/1984,Female,56104,4133262292855333,aju@gin.ro,Y,1,
Howard,3/28/1975,Male,90081,36055859349138,erkev@egsufzed.com,Y,1,
Arthur,10/1/1985,Female,07335,6372245833985011,fajohvuk@pufce.tv,Y,4,
Caleb,9/19/1961,Female,64578,6334661784774633,hugepa@su.kw,Y,3,
Edna,5/7/1960,Female,72283,201449986924856,sinil@canso.yt,N,3,
Ethan,5/18/1970,Female,91012,4903012835751236,abi@cicandih.cl,N,4,
Gavin,6/8/1991,Male,21232,4026141772960807,vuk@liggeut.gn,Y,4,
Dorothy,12/16/1963,Female,37390,3528660974240200,fa@ganhaenu.im,N,4,
Isabel,7/11/1973,Female,17568,30098042254332,vaw@adzehfoj.eh,Y,5,
Edwin,10/12/1967,Female,29445,341603972833569,uputiv@ubamur.cz,Y,1,
Lelia,11/7/1984,Female,81641,4653170797760546,cecat@dobibi.gu,N,5,
Isabelle,1/30/1992,Male,20591,4026255630510768,watac@lif.cw,Y,5,
Brent,5/12/1959,Female,30380,6225239892975905,febitujaj@ezta.ug,N,1,
Peter,12/9/1998,Female,39559,4903656731412846,ma@temih.co,Y,1,
Ada,10/21/1970,Male,95973,6334254135840921,cepen@an.cv,Y,5,
Jordan,1/30/2000,Female,03591,4903263400079475,ki@eze.ie,Y,4,
Stanley,1/28/1987,Male,08841,5018616458222074,jajsefla@wit.no,Y,5,
Harvey,1/22/1958,Male,28351,343032621468999,ihhaaci@epnufmo.pn,Y,4,
Micheal,6/9/1990,Female,67879,5610123797844439,fup@copwepzor.hm,N,2,
Agnes,6/1/1996,Male,98797,6011112508968929,la@vuk.ru,N,3,
Edith,5/16/1960,Female,97214,6011669042315529,ni@tok.iq,N,5,
Jason,11/18/1997,Male,37719,4026188244452459,zoc@ajuvewi.sd,Y,4,
Derrick,3/29/1980,Male,73826,6334636956979590,ses@tekugsi.mp,N,4,
Mayme,12/29/1967,Male,49337,6304125957023539,solcow@efeazeru.fk,N,2,
Joshua,8/22/1956,Male,24446,6011100865307393,ludesrip@izdo.bj,Y,5,
Hulda,5/9/1959,Female,89930,6304883585413197,vozulu@no.nu,Y,5,
Jeanette,6/12/1956,Female,90716,5434352115501546,senhuuja@ruk.my,Y,3,
Georgie,4/5/1964,Male,52784,6334831117662595,ihetap@ucisi.kg,N,1,
Isaac,1/16/1968,Female,01202,6304783948529947,kucu@wagampag.in,Y,5,
Leonard,8/28/1961,Male,06515,3528471336463559,niob@linnan.eh,Y,4,
Luke,6/13/1956,Female,00450,4026256772957320,to@fetbo.tt,Y,4,
Sam,4/8/1969,Female,71296,345408516032025,bugov@fahu.ne,N,3,
Virginia,4/18/1963,Male,17034,5447628157653278,gog@bug.bg,Y,2,
Minnie,3/24/1959,Male,04076,5018859760799963,pe@vogkubuw.ne,Y,1,
Dorothy,10/10/1982,Male,15965,6334598121324351,kehojku@nejurgib.nu,Y,1,
Zachary,11/13/1992,Male,24423,201475450236725,iv@si.fk,Y,5,
Ricardo,9/10/1991,Female,65315,6373991953230071,dop@difuz.qa,N,3,
Adeline,8/30/1959,Male,79791,6304717232882596,gegra@legjar.ms,N,4,
Craig,6/27/1957,Male,19338,5452999775133387,sazvaktar@nokpus.bj,N,3,
Cody,9/11/1968,Female,49603,5018982230515593,ufejupi@lojo.li,N,1,
Dean,9/28/1974,Female,85336,30060111621643,rahuad@nidbi.ge,N,4,
Clayton,9/20/1985,Female,89558,4026729293065096,pet@ceojopi.bf,Y,5,
Cameron,6/29/1968,Male,75733,5018541740634896,isi@naevgih.an,Y,1,
Rosalie,7/27/1983,Male,95198,4026660942238349,pehet@fob.ag,N,3,
Gussie,9/14/1965,Male,27415,4903038863431292,vejesde@nucjepeb.np,N,1,
Jeremy,3/25/1973,Female,55118,4903402781945124,uv@agni.bf,N,4,
Ethan,6/28/1988,Female,78602,6011496845343593,iszuug@ac.bm,N,5,
Eric,5/29/1985,Male,58213,6304964413959864,ep@samwehlo.pg,N,1,
Nathan,7/1/1973,Female,36123,6304192092630297,bewuvgi@ezedug.ad,N,2,
Nettie,8/21/1968,Female,33364,5018972896464863,mofpulac@zisti.gu,Y,5,
Agnes,2/26/1972,Male,87770,5440117439770453,sinota@davmedhe.mz,Y,4,
Herbert,11/25/2002,Male,46166,3528460712575557,buupeso@nala.tk,Y,4,
Steven,8/14/1964,Female,33360,36211763351260,ecibobip@tat.bg,Y,5,
Brandon,4/22/1991,Male,50529,6371270423868493,doj@luacu.mo,N,1,
Daisy,12/30/1969,Female,18949,6377751523127942,rov@bidlorip.nf,Y,3,
Lucille,6/29/1964,Female,67678,4903721938802171,benekpu@saw.gh,N,5,
George,12/29/1965,Female,57835,5135539976145999,lunlochut@uderub.cz,Y,4,
Laura,4/13/1997,Female,50339,346526730700959,azidi@caba.tw,Y,2,
Samuel,11/15/1986,Female,92148,6304297818555775,biler@bal.mg,N,3,
Jennie,10/5/1964,Female,37067,30036815870207,tidramze@nut.rw,N,3,
Wayne,6/30/2000,Female,56338,5150617837435856,kisjoh@fiow.tm,N,1,
Jerry,12/31/1996,Female,45642,3528227151105091,muglubed@ve.kw,Y,4,
Eva,8/13/1980,Male,14168,6334849963183896,kogafunop@tes.mv,N,3,
Olivia,12/16/1989,Male,37394,6207094029822419,korzirkoj@lo.ke,Y,5,
Pearl,10/7/1962,Male,97344,5431949936806807,gu@punivik.me,N,1,
Douglas,1/6/1995,Male,83119,6304852140231311,poza@pupol.km,Y,1,
Sophie,8/12/1974,Female,43389,345872992993853,tig@mam.re,N,5,
Brandon,10/18/1999,Male,81667,4903566788702694,opu@faen.af,N,2,
Theodore,11/24/2002,Female,41042,6304385004569740,mez@ve.by,Y,5,
Anthony,3/20/1985,Male,75483,30062374917239,johka@bub.tc,Y,5,
Larry,6/7/1956,Male,55431,6304566297209272,neru@boc.zw,N,1,
Elva,7/19/1988,Female,21527,342139736611503,nil@pe.ml,N,3,
Walter,7/10/1994,Male,15654,6304468768877028,lommi@zugmakgas.md,Y,1,
Maurice,4/3/1995,Male,28152,4903291017201067,kuh@nico.ly,N,2,
Louis,1/13/1985,Female,24532,4903506334407893,ti@adi.tj,N,1,
Blake,3/19/1956,Female,45411,346524248347892,eclulte@ne.an,N,3,
Inez,2/23/1990,Female,51351,6011643426235918,urahutim@saf.ir,N,1,
Jared,7/26/1986,Male,64139,3528414539185033,dow@fuwupa.pn,N,5,
Harry,2/9/1961,Female,64243,4903501580774450,baca@zibhaz.tc,N,5,
Loretta,11/20/1979,Male,00547,4026685310509161,vaj@etizuhof.dk,Y,5,
Elijah,8/7/1996,Female,70496,30037783009059,bi@dek.ws,Y,3,
Allen,7/10/2001,Female,58427,6334578425774642,kekrel@jutbaca.cg,Y,2,
Maud,10/16/1999,Male,38289,36923248744634,jewuk@hisec.np,Y,2,
Alfred,12/31/1987,Female,17158,6238291305268480,en@pir.er,N,3,
Randall,4/9/1965,Male,05174,30073658723391,zomcutce@bed.ke,Y,5,
Rose,12/28/1956,Female,01066,5018227778088631,puza@didtibta.de,N,4,
Glen,3/13/1977,Female,61486,4357113754043232,gubucen@iso.ch,N,5,
Ada,4/6/1979,Female,45768,342370897602086,cijihbaj@edeborir.ao,N,1,
Helena,1/17/1970,Male,08018,5495642884898388,wozopwo@wukvupof.bv,Y,5,
Essie,5/14/1962,Female,72779,4941163496919903,sehom@lapivjeb.va,Y,3,
Billy,10/27/1966,Male,86828,4924849588768593,be@rulsiz.nl,N,4,
Adeline,3/6/1972,Female,93990,4026561801013528,piwan@opte.qa,Y,1,
Georgia,5/25/1982,Male,28049,6011502920884128,zawom@zubozo.kz,Y,5,
Bruce,8/23/1994,Male,12586,6304871517454967,oste@asto.np,Y,1,
Lewis,6/30/2002,Male,38897,30024196984375,leleb@garmat.to,N,4,
Lydia,1/23/1963,Female,67243,30091841026092,zij@us.zw,Y,4,
Ada,9/18/2000,Female,96398,5018926837431324,ipacenak@ese.ni,N,3,
Cameron,12/1/1975,Male,04774,6304200819772308,ciw@niressu.mp,N,3,
Nina,6/10/1966,Female,17471,6247198976960346,meicitez@tu.bh,N,1,
Addie,8/5/1993,Female,14216,5173062755389236,bagjonteg@rafige.vi,Y,4,
Julian,12/8/1955,Male,07384,4405924478860137,tubo@rijarmim.mv,N,1,
Manuel,5/19/1993,Female,10860,3528765382645146,bulebaumo@bu.bv,N,5,
Theresa,1/2/1957,Male,65749,30069723923255,pud@poj.me,Y,5,
Lillian,8/24/1980,Female,00788,5610934741887070,tuesu@co.au,N,2,
Lottie,3/24/1961,Male,44659,346742070855788,we@ehokekam.mg,Y,1,
Gussie,7/11/1996,Female,62975,4903913169176157,pafen@gifzup.tg,N,2,
Clarence,4/4/1965,Male,76036,30031298026823,respacej@sopowa.gm,Y,5,
Alice,6/16/1971,Female,37952,4972274466317739,ne@rac.in,Y,3,
Brent,12/8/1960,Male,01134,30082316482373,zuena@ninuz.kg,Y,5,
Jon,3/7/1986,Male,50866,201427011520238,ubeterub@puzduto.zw,Y,1,
Callie,10/8/1986,Male,20721,6334776523958758,vut@ribpujiw.bn,Y,1,
Louis,7/24/1989,Female,04034,4903609954693717,zodaf@tu.gr,N,2,
Kyle,5/27/1958,Male,48547,6334433287644972,mete@ticiz.er,N,3,
Mabelle,2/8/1998,Male,23692,6011671856826880,vakuofo@wihjakobi.bf,N,2,
Blake,10/26/1978,Male,28333,5018294904534243,kewoc@gockijce.tv,Y,4,
Josephine,5/17/1957,Male,38671,5429150823210856,rod@kugam.kp,Y,1,
Eva,2/19/1993,Female,15044,201461212727938,du@leik.lt,N,4,
Rodney,12/15/1984,Female,05649,3528734355706020,tairaazo@kiw.gu,N,3,
Joseph,1/17/1995,Female,39534,6334673650255480,uwuirbu@falikguh.dk,N,5,
Don,11/22/1961,Female,98927,4463793756525905,fejuwro@uho.bq,N,3,
Herbert,1/27/2000,Male,30159,36418683480679,wasrujcom@tateso.rs,Y,3,
Mabel,10/6/2001,Female,80798,6304748480876600,te@gawinben.ms,Y,4,
Michael,6/22/1983,Male,38082,6253113684235916,co@ib.zm,N,2,
Austin,5/21/1993,Male,34026,5610891520050785,kafku@rame.tl,Y,5,
Lina,10/23/1973,Female,54377,5610189485247359,agnuv@udehe.kz,Y,1,
Hulda,4/9/1975,Male,44050,341782376924669,gibkadzu@fif.hu,N,4,
Mattie,2/20/1964,Male,48824,30066589770309,ilelovel@zobo.bt,N,1,
Iva,7/19/1987,Female,30889,6304065698479873,faku@wupigu.py,Y,5,
Vera,5/18/1978,Female,26992,6245854435249117,wevuphom@af.pg,N,2,
Jordan,10/23/1975,Male,00406,6304692354503280,ma@pecuh.ws,N,5,
Nettie,2/1/1995,Male,91581,4903847893732994,iletillil@ajlihir.td,N,4,
Daisy,3/1/2002,Female,08613,348421538285072,pifip@vig.nu,Y,4,
Larry,11/11/1987,Male,15292,6298668272135593,osaetuso@bupfaca.bf,Y,4,
Mollie,8/20/1988,Male,98867,4483190021997819,ihi@ku.io,Y,1,
Ronnie,5/23/1969,Female,05320,6011121246000044,kom@zewunos.tr,N,4,
Mable,10/30/1974,Male,88007,6378850654176600,ma@ca.mq,N,2,
Isaac,1/23/1960,Male,05260,4762217036452563,duumodov@ku.sk,N,2,
Lucas,12/8/1967,Female,18200,6373057321356509,banasere@laojunut.mw,N,2,
Nina,10/16/1995,Male,17954,6241679973399717,eboem@hab.ps,Y,4,
Noah,1/8/1999,Male,18933,6304145717380136,menjuti@oppuc.pn,Y,3,
Clifford,2/27/1967,Male,23370,36185926217370,cotam@jilmahe.as,Y,1,
Laura,8/5/1955,Female,42164,6304726571873355,nececawe@zizavu.cu,N,1,
Ida,3/15/1989,Female,11505,6011832664754553,kej@haconil.es,N,2,
Joseph,7/11/2000,Female,30053,6209580205536201,nubecu@zos.sh,Y,2,
Helen,4/15/1975,Male,21429,5116689198383812,bo@tuho.eu,N,5,
Callie,2/13/1959,Male,94686,4026710340962022,juuzbak@etoguc.mm,Y,4,
Cory,5/23/1969,Male,49700,4903122210449114,sek@caflotalo.tg,Y,1,
Gregory,10/7/1987,Male,62987,3528907549873191,nu@abokis.ci,N,3,
Benjamin,7/2/2001,Female,53036,30028643515484,ogankeb@pa.aw,Y,5,
Elnora,1/24/1957,Female,23572,4026830375034776,miftufmo@zugi.tk,Y,5,
Gilbert,4/15/2000,Female,25340,343206591032197,sek@hucdeb.cn,N,3,
Katie,5/12/1984,Female,22636,36455678696364,kunniiwo@fabpevuh.ge,Y,1,
Travis,4/8/2001,Female,28240,5481016917286422,ti@uzu.gov,Y,2,
Benjamin,6/23/1960,Female,07466,6252569768280600,edina@aci.cm,N,1,
Frances,11/27/1975,Female,19870,6011264737095022,va@zesew.jo,N,1,
Stella,11/1/1975,Male,34602,6207039146300104,ew@icufe.gr,N,3,
Jane,1/14/1970,Male,73716,6374387427981648,mew@caspat.sc,N,2,
Jane,12/15/1985,Male,55233,6304375355487154,nozhegso@ulesofa.gw,N,5,
Mattie,1/8/1956,Female,41615,5121575333713836,nufliba@sejbibgu.kn,N,5,
Keith,4/11/1991,Male,39777,5409561018218880,fo@ki.lt,Y,3,
Marguerite,9/30/1993,Male,07151,30006689618933,fapig@ke.nc,Y,5,
Jose,1/28/1972,Female,42406,343259911410718,kilavob@bomo.ki,Y,4,
Ray,3/22/1979,Male,11635,36742076285985,nod@tehu.bd,Y,3,
Lela,1/11/1965,Male,81572,6011324604290435,pobwe@laewihu.mu,N,1,
Jeffrey,6/21/1962,Male,96275,6231630234124636,emo@nuk.ai,N,4,
Elva,10/5/1991,Male,69798,6304570053254035,tiget@iriow.nf,N,5,
Lawrence,9/12/1987,Male,90831,4026666352341515,zuphize@jo.ls,N,3,
Lucile,1/4/1959,Male,38313,30011950711557,gaci@ehfufic.sc,N,4,
Mabelle,6/30/1983,Male,28207,6282956133168103,edewekor@zeci.yt,Y,2,
Nellie,5/23/1984,Female,75208,30028669927852,gav@gakes.er,N,1,
Bertha,5/18/1985,Female,43435,6237236987736719,nedetevu@togezdi.sk,N,2,
Russell,5/31/1974,Male,23122,5610788074361941,coz@seski.fk,N,1,
Wayne,5/18/1996,Female,26361,5018750140057885,tavad@peb.bi,Y,1,
Kyle,11/18/1995,Female,00254,5426854900675724,lepzaler@dupvev.gw,Y,1,
Phoebe,11/11/1967,Male,86826,6334095688477581,hiwovgu@pumses.gh,Y,3,
